"department","class number","dept and classnumber combined","course name","description","prerequisites classes"
"CSE","003","CSE-003","Fluency in Information Technology","Introduces the concepts and skills necessary to effectively use information technology. Includes basic concepts and some practical skills with computer and networks.","none"
"CSE","004GS","CSE-004GS","Mathematical Beauty in Rome","Exploration of topics in mathematics and engineering as they relate to classical architecture in Rome, Italy. In depth geometrical analysis and computer modeling of basic structures (arches, vaults, domes), and on-site studies of the Colosseum, Pantheon, Roman Forum, and St. Peters Basilica.","MATH 10A or MATH 20A, CSE 6GS"
"CSE","005","CSE-005","Principles and Practice of Artificial Intelligence","This course introduces students to the conceptual and technological foundations of artificial intelligence (AI) and provides a framework to understand and assess social and ethical aspects of AI. The course will explore the computational basis of intelligence—machine learning (ML) and its various approaches. Students will be exposed to building ML models, training and validating them. The course will delve into how AI is applied and discuss its implications.","none"
"CSE","005R","CSE-005R","Principles and Practice of Artificial Intelligence","This course introduces students to the conceptual and technological foundations of artificial intelligence (AI) and provides a framework to understand and assess social and ethical aspects of AI. The course will explore the computational basis of intelligence—machine learning (ML) and its various approaches. Students will be exposed to building ML models, training and validating them. The course will delve into how AI is applied and discuss its implications.","none"
"CSE","006GS","CSE-006GS","Mathematical Beauty in Rome Lab","Companion course to CSE 4GS where theory is applied and lab experiments are carried out in the field in Rome, Italy. For final projects, students will select a complex structure (e.g., the Colosseum, the Pantheon, St. Peter's, etc.) to analyze and model, in detail, using computer-based tools.","MATH 10A or MATH 20A, CSE 4GS"
"CSE","006R","CSE-006R","Introduction to Computer Science and Object-Oriented Programming: Python","An introduction to computer science and programming using the Python language. The course will cover topics such as basic data types (e.g., integer, float, string), loops and iteration, basic data structures (e.g., list, set, dictionary), memory models, conditional statements, recursion, basic algorithm time complexity analysis, class design, and inheritance. A student may not receive credit for CSE 6R after receiving credit for CSE 8A, CSE 8B, CSE 11, or COGS 18. Students may receive credit for only one of the following: COGS 18, CSE 8A, or CSE 6R. Recommended preparation: a familiarity with high school-level algebra is expected, but this course assumes no prior programming knowledge or experience.","none"
"CSE","008A","CSE-008A","Introduction to Programming and Computational Problem-Solving I","Introductory course for students interested in computer science and programming. Basics of programming including variables, conditionals, loops, functions/methods. Structured data storage such as arrays/lists and dictionaries, including data mutation. Hands-on experience with designing, writing, hand-tracing, compiling or interpreting, executing, testing, and debugging programs. Students solve relevant computational problems using a high-level programming language. CSE 8A is part of a two-course sequence (CSE 8A-B) that is equivalent to CSE 11. Students should take CSE 8B to complete the CSE 8A/CSE 8B track. Students who have taken CSE 8B or CSE 11 may not take or receive credit for CSE 8A. Students may receive credit for one of the following: COGS 18, CSE 8A, or CSE 6R. Recommended preparation: No prior programming experience is assumed, but comfort using computers is helpful. Students should consult the “CSE Course Placement Advice” web page for assistance in choosing which CSE course to take first.","none"
"CSE","011","CSE-011","Introduction to Programming and Computational Problem-Solving: Accelerated Pace","Accelerated introductory programming including an object-oriented approach. Covers basic programming topics from CSE 8A including variables, conditionals, loops, functions/methods, structured data storage, and mutation. Also covers topics from CSE 8B including the Java programming language, class design, interfaces, basic class hierarchies, recursion, event-based programming, and file I/O. Basics of command-line navigation for file management and running programs. Zero units of credit offered for CSE 11 if CSE 8B taken previously or concurrently. Recommended preparation: Significant prior programming experience (for example, high school AP CSA). Students should consult the “CSE Course Placement Advice” web page for assistance in choosing a first CSE course.","none"
"CSE","012","CSE-012","Basic Data Structures and Object-Oriented Design","Use and implementation of basic data structures including linked lists, stacks, and queues. Use of advanced structures such as binary trees and hash tables. Object-oriented design including interfaces, polymorphism, encapsulation, abstract data types, pre-/post-conditions. Recursion. Uses Java and Java Collections.","CSE 8B or CSE 11"
"CSE","015L","CSE-015L","Software Tools and Techniques Laboratory","Hands-on exploration of software development tools and techniques. Investigation of the scientific process as applied to software development and debugging. Emphasis is on weekly hands-on laboratory experiences, development of laboratory notebooking techniques as applied to software design.","CSE 8B or CSE 11 or CSE 12 or DSC 30"
"CSE","020","CSE-020","Discrete Mathematics","This course will introduce the ways logic is used in computer science: for reasoning, as a language for specifications, and as operations in computation. Concepts include sets, relations, functions, equivalence relations, partial orders, number systems, and proof methods (especially induction and recursion). Propositional and predicate logic will be introduced and applied to various computer science domains such as circuit design, databases, cryptography, and program correctness. Students who have completed MATH 109 may not receive credit for CSE 20. Credit not offered for both MATH 15A and CSE 20. Equivalent to MATH 15A.","CSE 11 or CSE 6R or CSE 8A or CSE 8B or ECE 15"
"CSE","021","CSE-021","Mathematics for Algorithms and Systems","This course will cover mathematical concepts used to model and analyze algorithms and computer systems. Topics include counting techniques (inclusion-exclusion; recursive counting; permutations and combinations), data representations, analysis of algorithms (order notation; time complexities; loop invariants), recurrence relations, graphs and trees (data structure representations; basic graph algorithms; special classes of graphs), and basic probability and its applications.","CSE 20 or MATH 15A or MATH 31CH"
"CSE","025","CSE-025","Introduction to Artificial Intelligence","This course provides a first introduction to artificial intelligence (AI). It covers the definition of AI, the history of AI, the main approaches to AI, and example applications of AI and machine learning (ML). Concepts will be grounded in a range of real-world application projects in AI. Students will also be introduced to ethical issues around AI.","COGS 18 or CSE 11 or CSE 6R or CSE 8A or CSE 8B or DSC 20"
"CSE","029","CSE-029","Systems Programming and Software Tools","A programmer's view of how computer systems execute programs, store information, and communicate. Emphasis on understanding the details of how a single computer program executes on a computer. Hands-on systems programming using the C programming language and software tools (e.g., gdb, valgrind, make) in the UNIX environment. Builds foundation for courses on computer organization, operating systems, networks, and compilers.","CSE 11 or CSE 8B or ECE 15"
"CSE","030","CSE-030","Computer Organization","Introduction to organization of modern digital computers. Students learn how to write programs in assembly, design basic processors capable of executing the assembly programs, and how to build the basic components of processors using digital logic. Topics include assembly programming, combinational and sequential logic, processor performance, processor design, and the memory hierarchy.","CSE 15L or CSE 29 or ECE 15"
"CSE","042","CSE-042","Building and Programming Electronic Devices","This course allows students to use what they learned in introductory programming courses to make things happen in the real world. Working in teams, students will first learn to program Arduino-based devices. Teams of students will design a custom device and program it to do their bidding. This course is targeted to first-year students and sophomores in engineering and science disciplines who want to practice applying what they have learned in a programming class and to have the chance to program things other than computers. Program or materials fees may apply.","none"
"CSE","055","CSE-055","Foundations of Artificial Intelligence and Machine Learning","This course prepares students with the mathematical foundation and programming skills required for more advanced artificial intelligence (AI) and machine learning (ML) courses. Topics include applications of optimization and linear algebra in machine learning, including convex optimization, gradient-based methods, and representation learning. Theoretical concepts will be grounded in programming projects.","CSE 12, CSE 25, CSE 15L or CSE 29, MATH 18 or MATH 31AH, MATH 20C or MATH 31BH"
"CSE","086","CSE-086","C++ for Java Programmers","Helps the Java programmer to be productive in the C++ programming environment. Topics include the similarities and differences between Java and C++ with special attention to pointers, operator overloading, templates, the STL, the preprocessor, and the C++ Runtime Environment.","CSE 12"
"CSE","087","CSE-087","First-year Student Seminar","The First-year Student Seminar Program is designed to provide new students with the opportunity to explore an intellectual topic with a faculty member in a small seminar setting. First-year student seminars are offered in all campus departments and undergraduate colleges, and topics vary from quarter to quarter. Enrollment is limited to fifteen to twenty students, with preference given to entering first-year students.","none"
"CSE","088","CSE-088","Learning Sustainable Well-Being: Compassion for Self and Others, a Computing Perspective","This experiential course teaches the art of practicing psychological well-being, based on Eastern and Western approaches (e.g., mindfulness, positive psychology, cognitive therapy, neuroscience, theatre and art), from a computing perspective. Each week, there is a short lecture on a given topic, combined with workshop-style exercises. (P/NP grades only.)","none"
"CSE","089","CSE-089","Introduction to Computer Science and Engineering Seminar","A seminar format discussion led by CSE faculty on topics in central areas of computer science, concentrating on the relation among them, recent developments, and future directions. This seminar introduces incoming students to resources and opportunities in the CSE department. May be taken for credit up to three times. Restricted to students in the CSE-PACE program.","none"
"CSE","090","CSE-090","Undergraduate Seminar","A seminar providing an overview of a topic of current research interest to the instructor. The goal is to present a specialized topic in computer science and engineering students. May be taken for credit three times when topics vary.","none"
"CSE","091","CSE-091","Perspectives in Computer Science and Engineering","A seminar format discussion led by CSE faculty on topics in central areas of computer science, concentrating on the relation among them, recent developments, and future directions.","none"
"CSE","095","CSE-095","Tutor Apprenticeship","Students assigned to tutor for a CSE course for the first time receive individual and group mentoring and training on how to be effective tutors to help them develop the skills and tools needed to be effective in their tutor role. Students must have a concurrent tutor appointment in a CSE course. See CSE website for application information.","none"
"CSE","099","CSE-099","Independent Study in Computer Science and Engineering","Independent reading or research by special arrangement with a faculty member.","none"
"CSE","100","CSE-100","Advanced Data Structures","High-performance data structures and supporting algorithms. Use and implementation of data structures like (un)balanced trees, graphs, priority queues, and hash tables. Also, memory management, pointers, recursion. Theoretical and practical performance analysis, both average case and amortized. Uses C++ and STL. Recommended preparation: background in C or C++ programming.","CSE 21 or MATH 154 or MATH 158 or MATH 184 or MATH 188, CSE 12, CSE 15L or CSE 29 or ECE 15"
"CSE","100R","CSE-100R","Advanced Data Structures","High-performance data structures and supporting algorithms. Use and implementation of data structures like (un)balanced trees, graphs, priority queues, and hash tables. Also memory management, pointers, recursion. Theoretical and practical performance analysis, both average case and amortized. Uses C++ and STL.","CSE 21 or MATH 154 or MATH 158 or MATH 184 or MATH 188, CSE 12, CSE 15L or CSE 29 or ECE 15"
"CSE","101","CSE-101","Design and Analysis of Algorithms","Design and analysis of efficient algorithms with emphasis of nonnumerical algorithms such as sorting, searching, pattern matching, and graph and network algorithms. Measuring complexity of algorithms, time and storage. NP-complete problems.","CSE 21 or MATH 154 or MATH 158 or MATH 184 or MATH 188, CSE 12 or DSC 30"
"CSE","103","CSE-103","A Practical Introduction to Probability and Statistics","Distributions over the real line. Independence, expectation, conditional expectation, mean, variance. Hypothesis testing. Learning classifiers. Distributions over R^n, covariance matrix. Binomial, Poisson distributions. Chernoff bound. Entropy. Compression. Arithmetic coding. Maximal likelihood estimation. Bayesian estimation. CSE 103 is not duplicate credit for ECE 109, ECON 120A, or MATH 183.","MATH 20B, CSE 21 or MATH 154 or MATH 158 or MATH 184 or MATH 188"
"CSE","105","CSE-105","Theory of Computability","An introduction to the mathematical theory of computability. Formal languages. Finite automata and regular expressions. Push-down automata and context-free languages. Computable or recursive functions: Turing machines, the halting problem. Undecidability.","CSE 12, CSE 20 or MATH 109 or MATH 15A or MATH 31CH, CSE 21 or MATH 100A or MATH 103A or MATH 154 or MATH 158 or MATH 184 or MATH 188"
"CSE","106","CSE-106","Discrete and Continuous Optimization","One frequently deals with problems in engineering, data science, business, economics, and other disciplines for which algorithmic solutions that optimize a given quantity under constraints are desired. This course is an introduction to the models, theory, methods, and applications of discrete and continuous optimization. Topics include shortest paths, flows, linear, integer, and convex programming, and continuous optimization techniques such as steepest descent and Lagrange multipliers.","MATH 18 or MATH 31AH, MATH 20C or MATH 31BH, CSE 21 or DSC 40B or MATH 154 or MATH 158 or MATH 184 or MATH 188"
"CSE","107","CSE-107","Introduction to Modern Cryptography","Topics include private and public-key cryptography, block ciphers, data encryption, authentication, key distribution and certification, pseudorandom number generators, design and analysis of protocols, zero-knowledge proofs, and advanced protocols. Emphasizes rigorous mathematical approach including formal definitions of security goals and proofs of protocol security.","CSE 21 or MATH 154 or MATH 158 or MATH 184 or MATH 188, CSE 101, CSE 105"
"CSE","109","CSE-109","Introduction to Programming Contests","This course introduces the algorithms and concepts necessary to compete in programming contests like ACM International Collegiate Programming Contest (ICPC). The course requires weekly completion of short problem sets. Topics covered include standard library classes and data structures useful for programming contest problems, basic complexity analysis, dynamic programming, graph algorithms, number theory, combinatorics, computational geometry, combinatorial games, and contest strategy.","CSE 15L or CSE 29"
"CSE","110","CSE-110","Software Engineering","Introduction to software development and engineering methods, including specification, design, implementation, testing, and process. An emphasis on team development, agile methods, and use of tools such as IDE’s, version control, and test harnesses.","CSE 100 or CSE 100R"
"CSE","112","CSE-112","Advanced Software Engineering","This course will cover software engineering topics associated with large systems development such as requirements and specifications, testing and maintenance, and design. Specific attention will be given to development tools and automated support environments.","CSE 110"
"CSE","118","CSE-118","Ubiquitous Computing","Explores emerging opportunities enabled by cheap sensors and networked computing devices. Small research projects will be conducted in teams, culminating in project presentations at the end of the term. Section will cover material relevant to the project, such as research methods, software engineering, teamwork, and project management.","COGS 102C or COGS 121 or COGS 184 or COGS 184GS or CSE 131 or CSE 132B or ECE 111 or ECE 118 or ECE 191 or ECE 192"
"CSE","120","CSE-120","Operating Systems Principles","Introduces operating systems concepts, including processes, synchronization, scheduling, memory management, virtual memory, file systems, and protection. May be coscheduled with CSE 220.","CSE 15L or CSE 29, CSE 30, CSE 100 or CSE 100R, CSE 101"
"CSE","121","CSE-121","Real-World Operating Systems","Case study of architecture and implementation of a modern operating system or parts of multiple operating systems. In-depth analysis through detailed study of deployed source code. Topics vary based on OS understudy each term. Emphasis on emerging concerns and the new techniques and technologies used to address them. Recommended preparation: Knowledge of programming languages and paradigms, the components that comprise them, and the principles of language design are strongly recommended but not required.","CSE 120"
"CSE","122","CSE-122","Wireless Networks","This course covers the design, operation, and use of wireless technologies, with emphasis on how physical resource constraints and application constraints meet to affect link, network, system, and application design, with hands-on experience in multiple technologies. May be coscheduled with CSE 222C. Recommended preparation: Basics of software engineering, modular design, data structures, physical (in-memory) representation of data structures, code compilation, build systems, version control, debuggers, C code, and pointer manipulation in C.","CSE 30 or ECE 30, CSE 101 or ECE 141A, CSE 110 or ECE 141B"
"CSE","123","CSE-123","Computer Networks","Introduction to concepts, principles, and practice of computer communication networks with examples from existing architectures, protocols, and standards with special emphasis on internet protocols. Layering and the OSI model; physical and data link layers; local and wide area networks; datagrams and virtual circuits; routing and congestion control; internetworking. Transport protocols. Students may not receive credit for both CSE 123 and ECE 158A.","CSE 15L or CSE 29, CSE 101, CSE 110"
"CSE","124","CSE-124","Networked Services","(Renumbered from CSE 123B.) The architecture of modern networked services, including data center design, enterprise storage, fault tolerance, and load balancing. Protocol software structuring, the Transmission Control Protocol (TCP), remote procedure calls, protocols for digital audio and video communication, overlay and peer-to-peer systems, secure communication. Credit may not be received for both CSE 124 and ECE 158B. Students may not receive credit for both CSE 124 and ECE 158B. May be coscheduled with CSE 224.","CSE 15L or CSE 29, CSE 101, CSE 110"
"CSE","125","CSE-125","Software System Design and Implementation","Design and implementation of large, complex software systems involving multiple aspects of CSE curriculum. Emphasis is on software system design applied to a single, large group project with close interaction with instructor.","none"
"CSE","127","CSE-127","Introduction to Computer Security","Topics include basic cryptography, security/threat analysis, access control, auditing, security models, distributed systems security, and theory behind common attack and defense techniques. The class will go over formal models as well as the bits and bytes of security exploits.","CSE 21 or MATH 154 or MATH 158 or MATH 184 or MATH 188, CSE 120 or CSE 123 or CSE 124 or ECE 158A or ECE 158B"
"CSE","130","CSE-130","Programming Languages: Principles and Paradigms","(Formerly CSE 173.) Introduction to programming languages and paradigms, the components that comprise them, and the principles of language design, all through the analysis and comparison of a variety of languages (e.g., Pascal, Ada, C++, PROLOG, ML.) Will involve programming in most languages studied.","CSE 12, CSE 100 or CSE 100R, CSE 105"
"CSE","131","CSE-131","Compiler Construction","(Formerly CSE 131B.) Introduction to the compilation of programming languages, practice of syntax-directed translation, type checking, code generation, optimization, interpretation, and compiler structure. Students may receive repeat credit for CSE 131A and CSE 131B by completing CSE 131. May be coscheduled with CSE 231.","CSE 30, CSE 100 or CSE 100R, CSE 105, CSE 130"
"CSE","132A","CSE-132A","Database System Principles","Basic concepts of databases, including data modeling, relational databases, query languages, optimization, dependencies, schema design, and concurrency control. Exposure to one or several commercial database systems. Advanced topics such as deductive and object-oriented databases, time allowing.","CSE 100 or CSE 100R"
"CSE","132B","CSE-132B","Database Systems Applications","Design of databases, transactions, use of trigger facilities and datablades. Performance measuring, organization of index structures.","CSE 132A"
"CSE","132C","CSE-132C","Database System Implementation","This is a systems-focused course on the internals of a relational database management system (RDBMS). RDBMSs power large-scale structured data management in most digital applications. The topics span data storage, buffer management, indexing, sorting, relational operator implementations, query processing and optimization, parallel RDBMSs, and Big Data systems. Two C++ programming projects require implementation of a buffer manager and a B+ tree index using a given RDBMS skeleton. Recommended preparation: C++ programming knowledge is required; CSE 132B is recommended.","CSE 132A or DSC 102"
"CSE","134B","CSE-134B","Web Client Languages","Design and implementation of interactive World Wide Web clients using helper applications and plug-ins. The main language covered will be Java.","CSE 100 or CSE 100R"
"CSE","135","CSE-135","Online Database Analytics Applications","Database, data warehouse, and data cube design; SQL programming and querying with emphasis on analytics; online analytics applications, visualizations, and data exploration; performance tuning.","CSE 100 or CSE 100R"
"CSE","136","CSE-136","Enterprise-Class Web Applications","Design and implementation of very large-scale, web-based applications. Topics covered typically include modeling organizational needs, design and revision management, J2EE or similar software platforms, web server and application server functionality, reuse of object-oriented components, model-view-controller and other design patterns, clustering, load-balancing, fault-tolerance, authentication, and usage accounting.","CSE 135"
"CSE","140","CSE-140","Components and Design Techniques for Digital Systems","Design of Boolean logic and finite state machines; two-level, multilevel combinational logic design, combinational modules and modular networks, Mealy and Moore machines, analysis and synthesis of canonical forms, sequential modules.","CSE 30 or ECE 30"
"CSE","140L","CSE-140L","Digital Systems Laboratory","Implementation with computer-aided design tools for combinational logic minimization and state machine synthesis. Hardware construction of a small digital system.","CSE 30"
"CSE","141","CSE-141","Introduction to Computer Architecture","Introduction to computer architecture. Computer system design. Processor design. Control design. Memory systems. Two units of credit offered for CSE 141 if CSE 142 taken previously.","CSE 30 or ECE 30, CSE 140"
"CSE","141L","CSE-141L","Project in Computer Architecture","Hands-on computer architecture project aiming to familiarize students with instruction set architecture, and design of process. Control and memory systems.","CSE 30 or ECE 30, CSE 140"
"CSE","142","CSE-142","Introduction to Computer Architecture: A Software Perspective","This course covers the operation, structure, and programming interfaces of modern CPUs with an emphasis on exploiting processor features to improve software performance and efficiency. The topics covered in this course include performance, energy, x86 assembly, compiler optimizations, pipelining, instruction-level parallelism, caches, memory-level parallelism, multi-threading, multi-core processors, and SIMD. Two units of credit offered for CSE 142 if CSE 141 taken previously or concurrently.","CSE 30 or ECE 30, CSE 100 or CSE 100R"
"CSE","142L","CSE-142L","Software Project for Computer Architecture","This course provides hands-on experience in using the features of modern CPUs to increase the performance and efficiency of programs.","CSE 30 or ECE 30, CSE 100 or CSE 100R"
"CSE","143","CSE-143","Microelectronic System Design","VLSI process technologies; circuit characterization; logic design styles; clocking strategies; computer-aided design tools; subsystem design; design case studies. System design project from hardware description, logic synthesis, physical layout to design verification.","CSE 140"
"CSE","145","CSE-145","Embedded Systems Design Project","This project-based course builds an embedded computing system. Topics include rapid system prototyping, hardware/software codesign, technical writing, public speaking, project management, entrepreneurship, and research ethics. May be coscheduled with CSE 237D.","none"
"CSE","147","CSE-147","Introduction to Embedded Systems","This course introduces the breadth of embedded systems, including hardware, software and modeling techniques. Embedded hardware topics include various types of processors and accelerators, memory, system and communication interfaces, sensors, and actuators. Embedded software includes timing, real-time and distributed scheduling, operating systems. The class will have design projects using off the shelf hardware and software components. Recommended preparation: Basic understanding of operating systems and computer architecture is strongly recommended.","CSE 30"
"CSE","148","CSE-148","Advanced Processor Architecture Design Project","Students will use hardware description language tools to add advanced architectural features to a basic processor design. These features may include pipelining, superscalar execution, branch prediction, and advanced cache features. Designs will be implemented in programmable logic devices.","CSE 141 or CSE 142"
"CSE","150A","CSE-150A","Introduction to Artificial Intelligence: Probabilistic Reasoning and Decision-Making","Introduction to probabilistic models at the heart of modern artificial intelligence. Specific topics to be covered include probabilistic methods for reasoning and decision-making under uncertainty; inference and learning in Bayesian networks; prediction and planning in Markov decision processes; applications to intelligent systems, speech and natural language processing, information retrieval, and robotics.","CSE 12 or DSC 40B, CSE 15L or CSE 29 or DSC 80, COGS 118D or CSE 103 or ECE 109 or ECON 120A or MAE 108 or MATH 180A or MATH 180B or MATH 181A or MATH 183 or MATH 186, MATH 20A, MATH 18 or MATH 31AH"
"CSE","150B","CSE-150B","Introduction to Artificial Intelligence: Search and Reasoning","The course will introduce important ideas and algorithms in search and reasoning and demonstrate how they are used in practical AI applications. Topics include A* search, adversarial search, Monte Carlo tree search, reinforcement learning, constraint solving and optimization, propositional and first-order reasoning.","CSE 12 or DSC 40B, CSE 15L or CSE 29 or DSC 80, COGS 118D or CSE 103 or ECE 109 or ECON 120A or MAE 108 or MATH 180A or MATH 180B or MATH 181A or MATH 183 or MATH 186, CSE 100 or CSE 100R"
"CSE","151A","CSE-151A","Machine Learning: Learning Algorithms","Broad introduction to machine learning. The topics include some topics in supervised learning, such as k-nearest neighbor classifiers, decision trees, boosting, and perceptrons; and topics in unsupervised learning, such as k-means and hierarchical clustering. In addition to the actual algorithms, the course focuses on the principles behind the algorithms. Students may not receive credit for both CSE 151A and COGS 188. May be coscheduled with CSE 251A.","CSE 12 or DSC 40B, CSE 15L or CSE 29 or DSC 80, COGS 118D or CSE 103 or ECE 109 or ECON 120A or MAE 108 or MATH 180A or MATH 180B or MATH 181A or MATH 183 or MATH 186, MATH 18 or MATH 31AH, MATH 20C or MATH 31BH"
"CSE","151B","CSE-151B","Deep Learning","This course covers the fundamentals of deep neural networks at the undergraduate level. We introduce linear regression, multi-layer perceptrons, backpropagation, and automatic differentiation. We will also discuss convolutional neural networks, recurrent neural networks, and transformers. The course will be a combination of lectures, presentations, and machine learning competitions. Renumbered from CSE 154. Students may receive credit for one of the following: CSE 151B, CSE 154, or COGS 181. May be coscheduled with CSE 251B. Recommended preparation: knowledge of Python.","MATH 20C or MATH 31BH, BENG 134 or COGS 118D or CSE 103 or ECE 109 or ECON 120A or MAE 108 or MATH 180A or MATH 180B or MATH 181A or MATH 183 or MATH 186 or SE 125, COGS 118A or COGS 118B or COGS 188 or CSE 151A or DSC 140B or ECE 175A"
"CSE","152A","CSE-152A","Introduction to Computer Vision I","This course provides a broad introduction to the foundations, algorithms, and applications of computer vision. It introduces classical models and contemporary methods, from image formation models to deep learning, to address problems of 3-D reconstruction and object recognition from images and video. Topics include filtering, feature detection, stereo vision, structure from motion, motion estimation, and recognition. Programming assignments will be in Python. Students may not receive credit for both CSE 152A and CSE 152.","MATH 18 or MATH 31AH, CSE 12 or DSC 30, CSE 15L or CSE 29 or DSC 80"
"CSE","152B","CSE-152B","Introduction to Computer Vision II","This course covers advanced topics needed to apply computer vision in industry or follow current research. Example topics include real-time systems for 3-D computer vision, machine learning tools such as support-vector machine (SVM) and boosting for image classification, and deep neural networks for object detection and semantic segmentation.","CSE 152A or CSE 152 or CSE 166"
"CSE","153","CSE-153","Machine Learning for Music","This course will introduce students to the application of machine learning to understand and generate music. The course will cover data structures for music representation; predictive tasks and music information retrieval; and techniques for algorithmic music synthesis. May be coscheduled with CSE 253. Students may not receive credit for CSE 153 and CSE 153R.","CSE 12 or DSC 40B, CSE 15L or CSE 29 or DSC 80, BENG 100 or BENG 134 or COGS 118D or CSE 103 or ECE 109 or ECON 120A or MAE 108 or MATH 180A or MATH 180B or MATH 181A or MATH 183 or MATH 186"
"CSE","153R","CSE-153R","Machine Learning for Music","This course will introduce students to the application of machine learning to understand and generate music. The course will cover data structures for music representation; predictive tasks and music information retrieval; and techniques for algorithmic music synthesis. This is a distance education course. May be coscheduled with CSE 253. Students may not receive credit for CSE 153R and CSE 153.","CSE 12 or DSC 40B, CSE 15L or CSE 29 or DSC 80, BENG 100 or BENG 134 or COGS 118D or CSE 103 or ECE 109 or ECON 120A or MAE 108 or MATH 180A or MATH 180B or MATH 181A or MATH 183 or MATH 186"
"CSE","156","CSE-156","Statistical Natural Language Processing","Natural language processing (NLP) is a field of AI which aims to equip computers with the ability to intelligently process natural (human) language. This course will explore statistical techniques for the automatic analysis of natural language data. Specific topics covered include probabilistic language models, which define probability distributions over text passages; text classification; sequence models; parsing sentences into syntactic representations; and machine translation.","CSE 12 or DSC 40B, CSE 15L or CSE 29 or DSC 80, BENG 134 or COGS 118D or CSE 103 or ECE 109 or ECON 120A or MAE 108 or MATH 180A or MATH 180B or MATH 181A or MATH 183 or MATH 186"
"CSE","158","CSE-158","Recommender Systems and Web Mining","Current methods for data mining and predictive analytics. Emphasis is on studying real-world data sets, building working systems, and putting current ideas from machine learning research into practice.","CSE 12 or DSC 40B, CSE 15L or CSE 29 or DSC 80, BENG 100 or BENG 134 or COGS 118D or CSE 103 or ECE 109 or ECON 120A or MAE 108 or MATH 180A or MATH 180B or MATH 181A or MATH 183 or MATH 186"
"CSE","158R","CSE-158R","Recommender Systems and Web Mining","Current methods for data mining and predictive analytics. Emphasis is on studying real-world data sets, building working systems, and putting current ideas from machine learning research into practice.","CSE 12 or DSC 40B, CSE 15L or CSE 29 or DSC 80, BENG 100 or BENG 134 or COGS 118D or CSE 103 or ECE 109 or ECON 120A or MAE 108 or MATH 180A or MATH 180B or MATH 181A or MATH 183 or MATH 186"
"CSE","160","CSE-160","Introduction to Parallel Computing","Introduction to high performance parallel computing: parallel architecture, algorithms, software, and problem-solving techniques. Areas covered: Flynn’s taxonomy, processor-memory organizations, shared and nonshared memory models: message passing and multithreading, data parallelism; speedup, efficiency and Amdahl’s law, communication and synchronization, isoefficiency and scalability. Assignments given to provide practical experience.","CSE 100 or CSE 100R"
"CSE","163","CSE-163","Advanced Computer Graphics","Topics include an overview of many aspects of computer graphics, including the four main computer graphics areas of animation, modeling, rendering, and imaging. Programming projects in image and signal processing, geometric modeling, and real-time rendering.","CSE 167 or CSE 167R or MATH 155A"
"CSE","165","CSE-165","3-D User Interaction","This course focuses on the design of three-dimensional (3-D) user interfaces, VR devices, and interaction techniques. The course consists of lectures, student presentations, and programming assignments. Students will be expected to create VR applications to learn how VR displays and 3-D interactions work.","CSE 167 or CSE 167R or MATH 155A"
"CSE","166","CSE-166","Image Processing","Principles of image formation, analysis, and representation. Image enhancement, restoration, and segmentation; stochastic image models. Filter design, sampling, Fourier and wavelet transforms. Selected applications in computer graphics and machine vision.","DSC 40B or MATH 18 or MATH 31AH, CSE 100 or CSE 100R or DSC 80"
"CSE","167","CSE-167","Computer Graphics","Representation and manipulation of pictorial data. Two-dimensional and three-dimensional transformations, curves, surfaces. Projection, illumination, and shading models. Raster and vector graphic I/O devices; retained-mode and immediate-mode graphics software systems and applications. Students may not receive credit for CSE 167 and CSE 167R or MATH 155A.","CSE 100 or CSE 100R"
"CSE","167R","CSE-167R","Computer Graphics","Representation and manipulation of pictorial data. Two-dimensional and three-dimensional transformations, curves, surfaces. Projection, illumination, and shading models. Raster and vector graphic I/O devices; retained-mode and immediate-mode graphics software systems and applications. This course is a distance education course. Students may not receive credit for CSE 167 and CSE 167R or MATH 155A.","CSE 100 or CSE 100R"
"CSE","168","CSE-168","Computer Graphics II: Rendering","Weekly programming assignments that will cover graphics rendering algorithms. During the course the students will learn about ray tracing, geometry, tessellation, acceleration structures, sampling, filtering, shading models, and advanced topics such as global illumination and programmable graphics hardware. Students may not receive credit for CSE 168 and CSE 168R.","CSE 167 or CSE 167R or MATH 155A"
"CSE","168R","CSE-168R","Computer Graphics II: Rendering","Weekly programming assignments that will cover graphics rendering algorithms. During the course the students will learn about ray tracing, geometry, tessellation, acceleration structures, sampling, filtering, shading models, and advanced topics such as global illumination and programmable graphics hardware. This course is a distance education course. Students may not receive credit for CSE 168R and CSE 168.","CSE 167 or CSE 167R or MATH 155A"
"CSE","169","CSE-169","Computer Animation","Advanced graphics focusing on the programming techniques involved in computer animation. Algorithms and approaches for both character animation and physically based animation. Particular subjects may include skeletons, skinning, key framing, facial animation, inverse kinematics, locomotion, motion capture, video game animation, particle systems, rigid bodies, clothing, and hair. Recommended preparation: an understanding of linear algebra.","CSE 167 or CSE 167R"
"CSE","170","CSE-170","Interaction Design","Introduces fundamental methods and principles for designing, implementing, and evaluating user interfaces. Topics include user-centered design, rapid prototyping, experimentation, direct manipulation, cognitive principles, visual design, social software, software tools. Learn by doing: Work with a team on a quarter-long design project. Students may not receive credit for COGS 120 and CSE 170. Recommended preparation: Basic familiarity with HTML.","COGS 108 or CSE 12 or DSC 30, COGS 1 or COGS 10 or DSGN 1 or ENG 100D"
"CSE","175","CSE-175","Successful Entrepreneurship for Engineers","A foundation course teaching the basics of starting and running a successful new business. Students learn how to think like entrepreneurs, pivot their ideas to match customer needs, with financial, market, timeline feasibility inputs. The end goal is an investor pitch and a business plan. Provides experiential education, encouragement, and coaching (E3CE) that prepares students for successful careers at start-up as well as large companies.","none"
"CSE","176A","CSE-176A","Health Care Robotics","Robotics has the potential to improve well-being for millions of people and support caregivers and to aid the clinical workforce. We bring together engineers, clinicians, and end users to explore this exciting new field. The course is project-based, interactive, and hands-on, and involves working closely with stakeholders to develop prototypes that solve real-world problems. Students will explore the latest research in health care robotics, human-robot teaming, and health design. Program or materials fees may apply.","CSE 110 or CSE 170 or COGS 120"
"CSE","176E","CSE-176E","Robot Systems Design and Implementation","End-to-end system design of embedded electronic systems including PCB design and fabrication, software control system development, and system integration. Program or materials fees may apply. May be coscheduled with CSE 276E.","none"
"CSE","180","CSE-180","Biology Meets Computing","Topics include an overview of various aspects of bioinformatics and will simultaneously introduce students to programming in Python. The assessments in the course represent various programming challenges and include solving diverse biological problems using popular bioinformatics tools. Students may not receive credit for CSE 180 and CSE 180R.","BILD 1 or BILD 4 or CSE 11 or CSE 3 or CSE 8A or CSE 8B"
"CSE","180R","CSE-180R","Biology Meets Computing","Topics include an overview of various aspects of bioinformatics and will simultaneously introduce students to programming in Python. The assessments in the course represent various programming challenges and include solving diverse biological problems using popular bioinformatics tools. This will be a fully online class based on extensive educational materials and online educational platform Stepik developed with HHMI, NIH, and ILTI support. Students may not receive credit for CSE 180 and CSE 180R.","BILD 1 or BILD 4 or CSE 11 or CSE 3 or CSE 8A or CSE 8B"
"CSE","181","CSE-181","Molecular Sequence Analysis","This course covers the analysis of nucleic acid and protein sequences, with an emphasis on the application of algorithms to biological problems. Topics include sequence alignments, database searching, comparative genomics, and phylogenetic and clustering analyses. Pairwise alignment, multiple alignment, DNS sequencing, scoring functions, fast database search, comparative genomics, clustering, phylogenetic trees, gene finding/DNA statistics.","CSE 100 or CSE 100R, CSE 101, BIMM 100 or CHEM 114C"
"CSE","181R","CSE-181R","Molecular Sequence Analysis","This course covers the analysis of nucleic acid and protein sequences, with an emphasis on the application of algorithms to biological problems. Topics include sequence alignments, database searching, comparative genomics, and phylogenetic and clustering analyses. Pairwise alignment, multiple alignment, DNS sequencing, scoring functions, fast database search, comparative genomics, clustering, phylogenetic trees, gene finding/DNA statistics.","CSE 100 or CSE 100R, CSE 101, BIMM 100 or CHEM 114C"
"CSE","182","CSE-182","Biological Databases","This course provides an introduction to the features of biological data, how those data are organized efficiently in databases, and how existing data resources can be utilized to solve a variety of biological problems. Object oriented databases, data modeling and description. Survey of current biological database with respect to above, implementation of a database on a biological topic. Students may receive credit for one of the following: CSE 182, BENG 182, or BIMM 182.","CSE 100 or CSE 100R"
"CSE","184","CSE-184","Computational Molecular Biology","This advanced course covers the application of machine learning and modeling techniques to biological systems. Topics include gene structure, recognition of DNA and protein sequence patterns, classification, and protein structure prediction. Pattern discovery, Hidden Markov models/support victor machines/neural network/profiles. Protein structure prediction, functional characterization or proteins, functional genomics/proteomics, metabolic pathways/gene networks. Cross-listed with BIMM 184/BENG 184/CHEM 184.","BIMM 181 or BENG 181 or CSE 181, BENG 182 or BIMM 182 or CSE 182 or CHEM 182"
"CSE","185","CSE-185","Advanced Bioinformatics Laboratory","This course emphasizes the hands-on application of bioinformatics to biological problems. Students will gain experience in the application of existing software, as well as in combining approaches to answer specific biological questions. Topics include sequence alignment, fast database search, comparative genomics, expression analysis, computational proteomics, genome-wide association studies, next-generation sequencing, genomics, and big data. Students may not receive credit for CSE 185 and BIMM 185.","CSE 11 or CSE 8B, CSE 12, MATH 20C or MATH 31BH, BILD 1, BIEB 123 or BILD 4 or BIMM 101 or CHEM 109"
"CSE","190","CSE-190","Topics in Computer Science and Engineering","Topics of special interest in computer science and engineering. Topics may vary from quarter to quarter. May be repeated for credit with the consent of instructor. May be taken for credit up to three times. May be coscheduled with CSE 291.","none"
"CSE","191","CSE-191","Seminar in CSE","A seminar course on topics of current interest. Students, as well as the instructor, will be actively involved in running the course/class. This course cannot be counted toward a technical elective.","none"
"CSE","192","CSE-192","Senior Seminar in Computer Science and Engineering","The Senior Seminar Program is designed to allow senior undergraduates to meet with faculty members in a small group setting to explore an intellectual topic in CSE (at the upper-division level). Topics will vary from quarter to quarter. Senior seminars may be taken for credit up to four times, with a change in topic, and permission of the department. Enrollment is limited to twenty students, with preference given to seniors. (P/NP grades only.)","none"
"CSE","193","CSE-193","Introduction to Computer Science Research","Introduction to research in computer science. Topics include defining a CS research problem, finding and reading technical papers, oral communication, technical writing, and independent learning. Course participants apprentice with a CSE research group and propose an original research project.","none"
"CSE","194","CSE-194","Race, Gender, and Computing","This course explores the challenges of diversity, equity, and inclusion (DEI) in computing and technology through an introduction to and analysis of various social constructs and their impact on not only computing-related organizations, but also the technologies developed and the people affected by them. This course also introduces students to cultural competence in the context of computing.","AAS 10 or CSE 12 or ECE 35 or ETHN 3 or HILD 7A or LTEN 27, CAT 125 or CAT 125R or CAT 3 or DOC 3 or HUM 2 or MCWP 125 or MCWP 125R or MCWP 50 or MCWP 50R or MMW 121 or MMW 121R or MMW 122 or MMW 13 or SYN 2 or WCWP 100 or WCWP 10B"
"CSE","197","CSE-197","Field Study in Computer Science and Engineering","Directed study accompanying full-time on-site computer science internships. (P/NP grades only.)","none"
"CSE","197C","CSE-197C","Cooperative Practicum in Computer Science and Engineering","Directed study accompanying full-time on-site computer science cooperative education practicum.","none"
"CSE","198","CSE-198","Directed Group Study","Computer science and engineering topics whose study involves reading and discussion by a small group of students under the supervision of a faculty member. (P/NP grades only.)","none"
"CSE","199","CSE-199","Independent Study for Undergraduates","Independent reading or research by special arrangement with a faculty member. (P/NP grades only.)","none"
"CSE","199H","CSE-199H","CSE Honors Thesis Research for Undergraduates","Undergraduate research for completing an honors project under the supervision of a CSE faculty member. May be taken across multiple quarters. Students should enroll for a letter grade. May be taken for credit three times.","none"
"BENG","001","BENG-001","Introduction to Bioengineering","An introduction to bioengineering that includes lectures and hands-on laboratory for design projects. The principles of problem definition, engineering inventiveness, team design, prototyping, and testing, as well as information access, engineering standards, communication, ethics, and social responsibility will be emphasized. P/NP grades only. (F,W)","none"
"BENG","002","BENG-002","Introductory Computer Programming and MATLAB","Introduction to MATLAB is designed to give students fluency in MATLAB, including popular toolboxes. Consists of interactive lectures with a computer running MATLAB for each student. Topics: variables, operations, and plotting; visualization and programming; and solving equations and curve fitting. (F)","none"
"BENG","087","BENG-087","First-year Student Seminar","The First-year Student Seminar Program is designed to provide new students with the opportunity to explore an intellectual topic with a faculty member in a small seminar setting. First-year student seminars are offered in all campus departments and undergraduate colleges, and topics vary from quarter to quarter. Enrollment is limited to fifteen to twenty students, with preference given to entering first-year students. (F,W,S)","none"
"BENG","090","BENG-090","Special Topics in Bioengineering","Course given at the discretion of the faculty on current topics of interest in bioengineering. This course will cover topics from biomechanics, biosystems, bioinformatics, and biotechnology among others. (F,W,S)","none"
"BENG","090L","BENG-090L","Special Topics in Bioengineering with Laboratory","Course given at the discretion of the faculty on current topics of interest in bioengineering. This course is intended to be a lecture and lab component topics course. This course will cover topics from biomechanics, biosystems, bioinformatics and biotechnology among others. (F,W,S)","none"
"BENG","091","BENG-091","Topics in Bioengineering and Medicine","Seminar discussing the interface between and opportunities for bioengineering and medicine. Students will interact with clinical faculty and bioengineering faculty to discuss current topics and problems where engineering solutions could improve the practice of medicine. Intended for first-year and transfer students in the Department of Bioengineering.","none"
"BENG","097","BENG-097","Internship/Field Studies","An enrichment program available to a limited number of lower-division undergraduate students, which provides work experience with industry, government offices, and hospitals. The internship is coordinated through UC San Diego’s Academic Internship Program under the supervision of a faculty member and an industrial, government, or hospital employee. (F,W,S)","none"
"BENG","098","BENG-098","Directed Group Study","Directed group study on a topic or in a field not included in the regular department curriculum. (P/NP grades only.)","none"
"BENG","099","BENG-099","Independent Study for Undergraduates","Independent reading or research by arrangement with a bioengineering faculty member. (P/NP grades only.)","none"
"BENG","099H","BENG-099H","Independent Study","Independent study or research under direction of a member of the faculty.","none"
"BENG","100","BENG-100","Introduction to Probability and Statistics for Bioengineers","The class provides foundation in probability and statistics. Topics include probability spaces, random variables, independence, common distributions, CLT, estimator accuracy, maximum likelihood, and hypothesis testing. Written problems are provided for each topic. Applications are discussed in regard to bioengineering problems. (F,S,Su)","MATH 18 or MATH 31AH, MATH 20C or MATH 31BH"
"BENG","102","BENG-102","Molecular Components of Living Systems","Introduction to molecular structures. Macromolecules and assemblies-proteins, nucleic acids, and metabolites. Principles of design of simple and complex components of organelles, cells, and tissues. (S)","BENG 120"
"BENG","103B","BENG-103B","Bioengineering Mass Transfer","Mass transfer in solids, liquids, and gases with application to biological systems. Free and facilitated diffusion. Convective mass transfer. Diffusion-reaction phenomena. Active transport. Biological mass transfer coefficients. Steady and unsteady state. Flux-force relationships. (Credit not allowed for both CENG 101C and BENG 103B.) (S)","CENG 101A or MAE 101A or BENG 112A"
"BENG","110","BENG-110","Musculoskeletal Biomechanics","Statics, dynamics, and solid mechanics of hard and soft musculoskeletal tissues. Forces, moments, static equilibrium, kinematics, kinetics applied to human mechanics, and movement. Stress, strain, and material properties of musculoskeletal tissues. Problem solving and design in biomechanics. (F)","MATH 20D, MATH 20E or MATH 31CH, MATH 18 or MATH 31AH, PHYS 2A or PHYS 2AR, PHYS 2BL"
"BENG","112A","BENG-112A","Soft Tissue Biomechanics","Tensor analysis. Stress, strain, equilibrium, and constitutive law for soft biological tissues. Applications of solid mechanics to mammalian tissue physiology. Viscoelasticity. Finite elasticity. Problem solving and design in soft tissue biomechanics. (W)","BENG 110"
"BENG","112B","BENG-112B","Fluid and Cell Biomechanics","Fluid hydrostatics and flow dynamics. Flow kinematics and conservation laws applied to the circulation. Viscous biofluids. Biopolymers, cell mechanics, and mechanobiology. Problem solving and design in biofluid and cell mechanics. (S)","BENG 112A"
"BENG","120","BENG-120","Organic Chemistry Structural and Design Principles","Structural and design principles of carbon compounds. Structure and stereochemistry. Functional groups and chemical transformations. Structure and design principles of biomolecules. Molecules of life and their organization. (W)","CHEM 6A, CHEM 6B"
"BENG","122A","BENG-122A","Biosystems and Control","Systems and control theory applied to bioengineering. Modeling, linearization, transfer functions, Laplace transforms, closed-loop systems, design and simulation of controllers. Dynamic behavior and controls of first and second order processes. PID controllers. Stability. Bode design. Features of biological controls systems. A simulation project using MATLAB and an oral presentation are required. Credit not allowed for both ECE 101 and BENG 122A. (F)","MAE 40 or ECE 35"
"BENG","123","BENG-123","Dynamic Simulation in Bioengineering","Dynamic simulation of biochemical reaction networks, including reconstruction of networks, mathematical description of kinetics of biochemical reactions, dynamic simulation of systems of biochemical reactions, and use of simulators for data interpretation and prediction in biology. Emphasis on a design project. (W)","MATH 18 or MATH 31AH, MATH 20D, BENG 120 or CHEM 40B"
"BENG","125","BENG-125","Modeling and Computation in Bioengineering","Computational modeling of molecular bioengineering phenomena: excitable cells, regulatory networks, and transport. Application of ordinary, stochastic, and partial differential equations. Introduction to data analysis techniques: power spectra, wavelets, and nonlinear time series analysis. (S)","BENG 122A or BENG 123 or BENG 181"
"BENG","130","BENG-130","Biotechnology Thermodynamics and Kinetics","An introduction to physical principles that govern biological matter and processes, with engineering examples. Thermodynamic principles, structural basis of life, molecular reactions and kinetics, and models to illustrate biological phenomena. (W)","CHEM 6B, MATH 20A, MATH 20B, MATH 20D, PHYS 2A, PHYS 2B, PHYS 2C"
"BENG","133","BENG-133","Numerical Analysis and Computational Engineering","Principles of digital computing, including number representation and arithmetic operations. Accuracy, stability, and convergence. Algorithms for solving linear systems of equations, interpolation, numerical differentiation, and integration and ordinary differential equations. (F)","MATH 20D, MATH 18 or MATH 31AH"
"BENG","134","BENG-134","Measurements, Statistics, and Probability","A combined lecture and laboratory course that provides an introductory treatment of probability theory, including distribution functions, moments, and random variables. Practical applications include estimation of means and variances, hypothesis testing, sampling theory, and linear regression. (S)","MATH 20D, MATH 18 or MATH 31AH, BENG 100"
"BENG","135","BENG-135","Biomedical Signals and Systems","Discrete systems: linearity, convolution, impulse, and step responses. Linear systems properties. Difference equations. Fourier Series. Continuous FS. Discrete FS. Periodic signals, filtering, and FT. Discrete FT examples. Frequency response of linear systems. Sampling. Relationship between FT, DFT. Laplace Transform. LT and inverse LT. (F)","ECE 45, MAE 40"
"BENG","140A","BENG-140A","Bioengineering Physiology","Introductory mammalian physiology for bioengineering students, with emphasis on control mechanisms and engineering principles. Basic cell functions; biological control systems; muscle; neural; endocrine, and circulatory systems. Not intended for premedical bioengineering students. Credit not allowed for both BIPN 100 or BIPN 100R and BENG 140A. (W)","CHEM 6A, CHEM 6B, PHYS 2A, PHYS 2B, PHYS 2C, BILD 1 or BENG 102"
"BENG","140B","BENG-140B","Bioengineering Physiology","Introductory mammalian physiology for bioengineering students, with emphasis on control mechanisms and engineering principles. Digestive, respiratory, renal, and reproductive systems; regulation of metabolism, and defense mechanisms. (Credit not allowed for both BIPN 102 and BENG 140B.) (S)","CHEM 6A or CHEM 6AH, PHYS 2A or PHYS 2AR, PHYS 2B, BILD 1 or BENG 102"
"BENG","141","BENG-141","Biomedical Optics and Imaging","Introduction to optics. Light propagation in tissue. Propagation modeling. Optical components. Laser concepts. Optical coherence tomography. Microscopic scattering. Tissue optics. Microscopy. Confocal microscopy. Polarization in tissue. Absorption, diffuse reflection, light scattering spectroscopy. Raman, fluorescence lifetime imaging. Photo-acoustic imaging. (F)","PHYS 2C"
"BENG","152","BENG-152","Biosystems Engineering Laboratory","Laboratory course emphasizing electronic instrumentation and signals. Projects involve biophysical measurement, data acquisition, and data processing. Laboratory examples include electrical circuit design and analysis, physiological signal acquisition and processing, and microcontrollers for system control. Program or materials fees may apply. (W)","MAE 40 or ECE 35"
"BENG","160","BENG-160","Chemical and Molecular Bioengineering Techniques","Introductory laboratory course in current principles and techniques of chemistry and molecular biology applicable to bioengineering. Quantitation of proteins and nucleic acids by spectrophotometric, immunological, and enzymatic methods. Separations and purification by centrifugation, chromatographic, and electrophoretic methods. Course materials fees may apply. (S)","BICD 100, BENG 100, CHEM 40B or CHEM 40BH or BENG 120, MAE 170"
"BENG","161A","BENG-161A","Bioreactor Engineering","Engineering, biochemical, and physiological considerations in the design of bioreactor processes: enzyme kinetics, mass transfer limitations, microbial growth, and product formation kinetics. Fermentation reactor selection, design, scale-up, control. Quantitative bioengineering analysis and design of biochemical processes and experiments on biomolecules. (F)","MATH 20D, BENG 103B"
"BENG","161B","BENG-161B","Biochemical Engineering","Commercial production of biochemical commodity products. Application of genetic control systems and mutant populations. Recombinant DNA and eukaryotic proteins in E. coli and other host organisms. Product recovery operations, including the design of bioseparation processes of filtration, adsorption, chromatography, and crystallization. Bioprocess economics. Human recombinant erythropoietin as an example, from genomic cloning to CHO cell expression, to bioreactor manufacturing and purification of medical products for clinical application. (W)","MATH 20D, BENG 103B, BENG 160"
"BENG","162","BENG-162","Biotechnology Laboratory","Laboratory practices and design principles for biotechnology. Culture of microorganisms and mammalian cells, recombinant DNA bioreactor design and operation. Design and implementation of biosensors. A team design-based term project and oral presentation required. Course materials fees may apply. (F)","BENG 160"
"BENG","166A","BENG-166A","Cell and Tissue Engineering","Engineering analysis of physico-chemical rate processes that affect, limit, and govern the function of cells and tissues. Cell migration, mitosis, apoptosis, and differentiation. Dynamic and structural interactions between mesenchyme and parenchyme. The role of the tissue microenvironment including cell-cell interactions, extracellular matrix, and growth factor communication. The design of functional tissue substitutes including cell and material sourcing, scale-up and manufacturability, efficacy and safety, regulatory, and ethical topics. Clinical applications. (F)","BILD 1, CHEM 6C or CHEM 6CH or CHEM 7L or CHEM 7LM, MATH 20D, PHYS 2A or PHYS 2AR, PHYS 2B, PHYS 2C"
"BENG","168","BENG-168","Biomolecular Engineering","Basic molecular biology and recombinant DNA technologies. Structure and function of biomolecules that decode genomes and perform energy conversion, enzymatic catalysis, and active transport. Metabolism of macromolecules. Molecular diagnostics. Design, engineering, and manufacture of proteins, genomes, cells, and biomolecular therapies. (W)","BILD 1"
"BENG","172","BENG-172","Bioengineering Laboratory","A laboratory course demonstrating basic concepts of biomechanics, bioengineering design, and experimental procedures involving animal tissue. Sources of error and experimental limitations. Computer data acquisition, modeling, statistical analysis. Experiments on artery, muscle and heart mechanics, action potentials, viscoelasticity, electrocardiography, hemorheology. Course materials fees may apply. (S)","MAE 170"
"BENG","181","BENG-181","Molecular Sequence Analysis","(Cross-listed as BIMM 181 and CSE 181.) This course covers the analysis of nucleic acid and protein sequences, with an emphasis on the application of algorithms to biological problems. Topics include sequence alignments, database searching, comparative genomics, and phylogenetic and clustering analyses. Pairwise alignment, multiple alignment, DNA sequencing, scoring functions, fast database search, comparative genomics, clustering, phylogenetic trees, gene finding/DNA statistics. (W)","CSE 100, CSE 101, BIMM 100 or CHEM 114C"
"BENG","182","BENG-182","Biological Databases","(Cross-listed as BIMM 182, CSE 182, and CHEM 182.) This course provides an introduction to the features of biological data, how those data are organized efficiently in databases, and how existing data resources can be utilized to solve a variety of biological problems. Object-oriented databases, data modeling, and data description. Survey of current biological database with respect to above; implementation of database focused on a biological topic. (S)","CSE 100"
"BENG","183","BENG-183","Applied Genomic Technologies","Principles and technologies for using genomic information for biomedical applications. Technologies will be introduced progressively, from DNA to RNA to protein to whole cell systems. The integration of biology, chemistry, engineering, and computation will be stressed. Topics include technology for the genome, DNA chips, RNA technologies, proteomic technologies, aphysiomic and phenomic technologies, and analysis of cell function. (F)","BIMM 100 or CHEM 114C"
"BENG","186A","BENG-186A","Principles of Biomaterials Design","Fundamentals of materials science as applied to bioengineering design. Natural and synthetic polymeric materials. Materials characterization and design. Wound repair, blood clotting, foreign body response, transplantation biology, biocompatibility of materials, tissue engineering. Artificial organs and medical devices. Government regulations. Patenting. Economic impact. Ethical issues. A term project and oral presentation are required. (S)","BILD 1, BENG 130, PHYS 2A or PHYS 2AR"
"BENG","186B","BENG-186B","Principles of Bioinstrumentation Design","Biophysical phenomena, transducers, and electronics as related to the design of biomedical instrumentation. Potentiometric and amperometric signals and amplifiers. Biopotentials, membrane potentials, chemical sensors. Electrical safety. Mechanical transducers for displacement, force, and pressure. Temperature sensors. Flow sensors. Light-based instrumentation. (W)","ECE 35 or MAE 40"
"BENG","187A","BENG-187A","Bioengineering Design Project: Planning","General engineering design topics including project planning and design objectives, background research, engineering needs assessment, technical design specifications, engineering standards, and design requirements and constraints. Introduction to biomedical and biotechnology design projects. Career and professional advising. Majors must enroll in the course for a letter grade in order to count the sequence toward the major. No exceptions will be approved. (S)","BENG 112A or BENG 152 or BENG 168 or BENG 181"
"BENG","187B","BENG-187B","Bioengineering Design Project: Development","Development of an original bioengineering design for solution of a problem in biology or medicine. Analysis of economic issues, manufacturing and quality assurance, ethics, safety, design constraints, government regulations, and patent requirements. Oral presentation and formal engineering reports. Career and professional advising. Majors must enroll in the course for a letter grade in order to count the sequence toward the major. No exceptions will be approved. (F)","BENG 187A"
"BENG","187C","BENG-187C","Bioengineering Design Project: Implementation","Approaches to implementation of senior design project, including final report. Teams will report on construction of prototypes, conduct of testing, collection of data, and assessment of reliability and failure. Majors must enroll in the course for a letter grade in order to count the sequence toward the major. No exceptions will be approved. (W)","BENG 187B"
"BENG","187D","BENG-187D","Bioengineering Design Project: Presentation","Oral presentations of design projects, including design, development, and implementation strategies and results of prototype testing. Majors must enroll in the course for a letter grade in order to count the sequence toward the major. No exceptions will be approved. (S)","BENG 187C"
"BENG","188A","BENG-188A","Design Development in Bioengineering","Development of design project in bioengineering. (F)","BENG 187A"
"BENG","188B","BENG-188B","Design Implementation in Bioengineering","Implementation of design project in bioengineering. (W)","BENG 188A"
"BENG","189","BENG-189","Physiological Systems Engineering","Quantitative description of physiological systems, e.g., electrical and mechanical properties of muscle (skeletal and cardiac). Modeling and simulation of properties. Kidney, transport, and models. Neural circuits and models. (W)","BENG 133, BENG 134, BENG 135, BENG 140A, BENG 140B"
"BENG","190","BENG-190","Special Topics in Bioengineering","Course given at the discretion of the faculty on current topics of interest in bioengineering. (F,W,S)","none"
"BENG","190L","BENG-190L","Special Topics in Bioengineering with Laboratory","Course given at the discretion of the faculty on current topics of interest in bioengineering. This course is intended to be a lecture and lab component special topics course. This course will cover topics from biomechanics, biosystems, bioinformatics, and biotechnology among others. (F,W,S)","none"
"BENG","191","BENG-191","Senior Seminar I: Professional Issues in Bioengineering","(Conjoined with BENG 291.) Instills skills for personal and organizational development during lifelong learning. Student prepares portfolio of personal attributes and experiences, prepares for career interviews plus oral report of interviewing organizational CEO. Graduate students will prepare a NIH small business research grant. (W)","none"
"BENG","193","BENG-193","Clinical Experience in Bioengineering","Introduction on the integration of bioengineering and clinical medicine through lectures and rotations with clinical faculty. Students will work with clinical mentors and course faculty to identify areas where engineering can improve diagnostics, clinical practice, and/or treatment. May be coscheduled with BENG 294C. (S)","BENG 140A or BIPN 100, BENG 140B or BIPN 102"
"BENG","195P","BENG-195P","Pedagogy and Learning Apprenticeship","Under the supervision of an instructor, undergraduate students gain teaching experience through practical experiences in course management and effective teaching methods. (P/NP grades only.) (F,W,S)","none"
"BENG","196","BENG-196","Bioengineering Industrial Internship","Under the joint supervision of a faculty adviser and industry mentor, the student will work at or be mentored at a bioengineering industrial company to gain practical bioengineering experience, summarized in a technical report. May be taken for credit up to three times. With department approval, four units of credit may substitute for a technical elective. (P/NP grades only.) (F,W,S,Su)","none"
"BENG","197","BENG-197","Engineering Internship","An enrichment program, available to a limited number of undergraduate students, which provides work experience with industry, government offices, hospitals, and their practices. Subject to the availability of positions, students will work in a local industry or hospital (on a salaried or unsalaried basis) under the supervision of a faculty member and industrial, government, or hospital employee. Prior department approval and final report are required. Units may not be applied toward major graduation requirements. (F,W,S,Su)","none"
"BENG","198","BENG-198","Directed Group Study","Directed group study, on a topic or in a field not included in the regular department curriculum, by arrangement with a bioengineering faculty member. (P/NP grades only.) (F,W,S)","none"
"BENG","199","BENG-199","Independent Study for Undergraduates","Independent reading or research by arrangement with a bioengineering faculty member. May be taken for credit three times. (P/NP grades only.) (F,W,S,Su)","none"
"ECE","005","ECE-005","Introduction to Electrical and Computer Engineering","An introduction to electrical and computer engineering. Topics include circuit theory, assembly, and testing, embedded systems programming and debugging, transducer mechanisms and interfacing transducers, signals and systems theory, digital signal processing, and modular design techniques.","none"
"ECE","015","ECE-015","Engineering Computation: Introduction to Programming in C","Students learn the fundamentals of programming through the C programming language. The course covers foundational universal programming concepts such as control and data structures, and top-down modular design. It also focuses on core building blocks of the C language, such as pointers and memory management. Recommended preparation: A familiarity with basic mathematics such as trigonometry functions and graphing is expected but this course assumes no prior programming knowledge.","none"
"ECE","016","ECE-016","Rapid Hardware and Software Design for Interfacing with the World","Students are introduced to embedded systems concepts with structured development of a computer controller based on electromyogram (EMG) signals through four lab assignments through the quarter. Key concepts include sampling, signal processing, communication, and real-time control. Students will apply their prior knowledge to program microcontrollers and will engage in data analysis using the Python programming language. Students may not receive credit for ECE 16 and ECE 116.","CSE 8B or CSE 11 or ECE 15 or MAE 8"
"ECE","017","ECE-017","Object-Oriented Programming: Design and Development with C++","This course combines the fundamentals of object-oriented design in C++, with the programming, debugging, and testing practices used by modern software developers. Emphasizes the use of object-oriented techniques to model and reason about system design, and using modern C++ idioms, design patterns, and the Standard Template Library (STL) to develop solutions to systems engineering challenges that are more reliable, robust, scalable, and secure.","CSE 8B or CSE 11 or ECE 15"
"ECE","018","ECE-018","Programming in Python and Object-Oriented Principles","This course covers the fundamentals of the Python programming language, combined with a study of commonly used Python modules and modern software development techniques. It emphasizes the use of Python as both a scripting language and an important general purpose programming language in fields such as data science. It also covers the object-oriented approach to developing Python programs, and a general introduction to object-oriented design principles.","CSE 8B or CSE 11 or ECE 15"
"ECE","025","ECE-025","Introduction to Digital Design","This course emphasizes digital electronics. Principles introduced in lectures are used in laboratory assignments, which also serve to introduce experimental and design methods. Topics include Boolean algebra, combination and sequential logic, gates and their implementation in digital circuits. (Course materials and/or program fees may apply.)","none"
"ECE","030","ECE-030","Introduction to Computer Engineering","The fundamentals of both the hardware and software in a computer system. Topics include representation of information, computer organization and design, assembly and microprogramming, current technology in logic design.","ECE 15, ECE 25"
"ECE","035","ECE-035","Introduction to Analog Design","Fundamental circuit theory concepts, Kirchhoffs voltage and current laws, Thevenins and Nortons theorems, loop and node analysis, time-varying signals, transient first order circuits, steady-state sinusoidal response. It is highly recommended taking MATH 20C and PHYS 2B prior or during the same quarter. Program or materials fees may apply.","MATH 18, MATH 20A, MATH 20B, PHYS 2A"
"ECE","045","ECE-045","Circuits and Systems","Steady-state circuit analysis, first and second order systems, Fourier Series and Transforms, time domain analysis, convolution, transient response, Laplace Transform, and filter design.","ECE 35"
"ECE","065","ECE-065","Components and Circuits Laboratory","Introduction to linear and nonlinear components and circuits. Topics will include two terminal devices, bipolar and field-effect transistors, and large and small signal analysis of diode and transistor circuits. Program or materials fees may apply.","ECE 5, ECE 35"
"ECE","085","ECE-085","iTunes 101: A Survey of Information Technology","Topics include how devices such as iPods and iPhones generate, transmit, receive, and process information (music, images, video, etc.), the relationship between technology and issues such as privacy and net neutrality, and current topics related to information technology.","none"
"ECE","087","ECE-087","First-year Student Seminar","The First-year Student Seminar program is designed to provide new students with the opportunity to explore an intellectual topic with a faculty member in a small seminar setting. First-year student seminars are offered in all campus departments and undergraduate colleges, and topics vary from quarter to quarter. Enrollment is limited to fifteen to twenty students, with preference given to entering first-year students.","none"
"ECE","090","ECE-090","Undergraduate Seminar","This seminar class will provide a broad review of current research topics in both electrical engineering and computer engineering. Typical subject areas are signal processing, VLSI design, electronic materials and devices, radio astronomy, communications, and optical computing.","none"
"ECE","100","ECE-100","Linear Electronic Systems","Linear active circuit and system design. Topics include frequency response; use of Laplace transforms; design and stability of filters using operational amplifiers. Integrated lab and lecture involves analysis, design, simulation, and testing of circuits and systems. Program or materials fees may apply.","MATH 20D, ECE 45, ECE 65"
"ECE","101","ECE-101","Linear Systems Fundamentals","Complex variables. Singularities and residues. Signal and system analysis in continuous and discrete time. Fourier series and transforms. Laplace and z-transforms. Linear Time Invariant Systems. Impulse response, frequency response, and transfer functions. Poles and zeros. Stability. Convolution. Sampling. Aliasing.","ECE 45"
"ECE","102","ECE-102","Introduction to Active Circuit Design","Nonlinear active circuits design. Nonlinear device models for diodes, bipolar and field-effect transistors. Linearization of device models and small-signal equivalent circuits. Circuit designs will be simulated by computer and tested in the laboratory.","ECE 65, ECE 100"
"ECE","103","ECE-103","Fundamentals of Devices and Materials","Introduction to semiconductor materials and devices. Semiconductor crystal structure, energy bands, doping, carrier statistics, drift and diffusion, p-n junctions, metal-semiconductor junctions. Bipolar junction transistors: current flow, amplification, switching, nonideal behavior. Metal-oxide-semiconductor structures, MOSFETs, device scaling.","ECE 65, PHYS 2D or PHYS 4D, PHYS 4E"
"ECE","107","ECE-107","Electromagnetism","Electrostatics and magnetostatics; electrodynamics; Maxwell’s equations; plane waves; skin effect. Electromagnetics of transmission lines: reflection and transmission at discontinuities, Smith chart, pulse propagation, dispersion. Rectangular waveguides. Dielectric and magnetic properties of materials. Electromagnetics of circuits.","MATH 20D, MATH 20E, PHYS 2A or PHYS 4A, PHYS 2B or PHYS 4B, PHYS 2C or PHYS 4C, ECE 45"
"ECE","108","ECE-108","Digital Circuits","A transistor-level view of digital integrated circuits. CMOS combinational logic, ratioed logic, noise margins, rise and fall delays, power dissipation, transmission gates. Short channel MOS model, effects on scaling. Sequential circuits, memory and array logic circuits. Three hours of lecture, one hour of discussion, three hours of laboratory. Students may not receive credit for both ECE 108 and ECE 165.","ECE 25 or CSE 140, ECE 45, ECE 30 or CSE 30"
"ECE","109","ECE-109","Engineering Probability and Statistics","Axioms of probability, conditional probability, theorem of total probability, random variables, densities, expected values, characteristic functions, transformation of random variables, central limit theorem. Random number generation, engineering reliability, elements of estimation, random sampling, sampling distributions, tests for hypothesis. One unit of credit given if taken after MAE 108, MATH 180A, MATH 180B, MATH 183, MATH 186, or ECON 120A.","MATH 20A, MATH 20B, MATH 20C or MATH 31BH"
"ECE","111","ECE-111","Advanced Digital Design Project","Advanced topics in digital circuits and systems. Use of computers and design automation tools. Hazard elimination, synchronous/asynchronous FSM synthesis, synchronization and arbitration, pipelining and timing issues. Problem sets and design exercises. A large-scale design project. Simulation and/or rapid prototyping.","ECE 25 or CSE 140"
"ECE","115","ECE-115","Fast Prototyping","Lab-based course. Students will learn how to prototype a mechatronic solution. Topics include cheap/accessible materials and parts; suppliers; fast prototyping techniques; useful electronic sketches and system integration shortcuts. Students will learn to materialize their electromechanical ideas and make design decisions to minimize cost, improve functionality/robustness. Labs will culminate toward a fully functional robot prototype for demonstration. Program or materials fees may apply.","ECE 65"
"ECE","116","ECE-116","Advanced Hardware and Software Design","In this hands-on course, students are introduced to the basic concepts of practical embedded system design. It covers concepts from microprocessors, signal processing, communication, data science, and programming. Students learn to apply their foundational knowledge in a set of design challenges and a final project. The course is heavily focused on system building and learning through practice. Students may not receive credit for ECE 116 and ECE 16.","CSE 8B or CSE 11 or ECE 15 or MAE 8, ECE 5, ECE 18"
"ECE","118","ECE-118","Computer Interfacing","Interfacing computers and embedded controllers to the real world: busses, interrupts, DMA, memory mapping, concurrency, digital I/O, standards for serial and parallel communications, A/D, D/A, sensors, signal conditioning, video, and closed loop control. Students design and construct an interfacing project. (Course materials and/or program fees may apply.)","ECE 30 or CSE 30, ECE 35, ECE 45, ECE 65"
"ECE","121A","ECE-121A","Power Systems Analysis and Fundamentals","This course introduces concepts of large-scale power system analysis: electric power generation, distribution, steady-state analysis and economic operation. It provides the fundamentals for advanced courses and engineering practice on electric power systems, smart grid, and electricity economics. The course requires implementing some of the computational techniques in simulation software.","ECE 35"
"ECE","121B","ECE-121B","Energy Conversion","Principles of electro-mechanical energy conversion, balanced three-phase systems, fundamental concepts of magnetic circuits, single-phase transformers, and the steady-state performance of DC and induction machines. Students may not receive credit for both ECE 121B and ECE 121.","ECE 121A"
"ECE","123","ECE-123","Antenna Systems Engineering","The electromagnetic and systems engineering of radio antennas for terrestrial wireless and satellite communications. Antenna impedance, beam pattern, gain, and polarization. Dipoles, monopoles, paraboloids, phased arrays. Power and noise budgets for communication links. Atmospheric propagation and multipath.","ECE 107"
"ECE","124","ECE-124","Motor Drives","Topics include the operation of DC motor and induction machine drives in steady state and speed control of DC and induction motor drives in an energy efficient manner using power electronics. Control techniques such as vector control and direct torque control (DTC) of induction machines. Different control methods for direct current motors using different types of power converters, such as DC-DC and AC-DC converters. Design torque, speed, and position controller of DC motor drive.","ECE 121B, ECE 125A"
"ECE","125A","ECE-125A","Introduction to Power Electronics I","Power generation, system, and electronics. Topics include power semiconductor devices and characteristics, single-phase and three-phase half and full controlled AC-to-DC rectifiers, nonisolated/isolated DC-DC converters, power loss calculation, and thermal considerations, Snubber circuits.","ECE 121A"
"ECE","125B","ECE-125B","Introduction to Power Electronics II","Design and control of DC-DC converters, PWM rectifiers, single-phase and three-phase inverters, power management, and power electronics applications in renewable energy systems, motion control, and lighting.","ECE 125A"
"ECE","128A","ECE-128A","Real World Power Grid Operation","Provides practical insights into the operation of the power grid. Covers the same subjects that actual power system operators’ certification course covers. It systematically describes the vital grid operators functions and the processes required to operate the system. Uses actual case histories, and real examples of best in-class approaches from across the nation and the globe. Presents the problems encountered by operators and the enabling solutions to remedy them.","none"
"ECE","128B","ECE-128B","Renewable Energy and Power Grid Modernization","In-depth coverage of the future power grids. Covers the practical aspects of the technologies, their design and system implementation. Topics include the changing nature of the grid with renewable resources, smart meters, synchrophasors (PMU), microgrids, distributed energy resources, and the associated information and communications infrastructures. Presents actual examples and best practices. Students will be provided with various tools.","none"
"ECE","128C","ECE-128C","Power Grid Resiliency to Adverse Effects","This course offers unique insight and practical answers through examples, of how power systems can be affected by weather and what/how countermeasures can be applied to mitigate them to make the system more resilient. Detailed explanations of the impacts of extreme weather and applicable industry standards and initiatives. Proven practices for successful restoration of the power grid, increased system resiliency, and ride-through after extreme weather providing real examples from around the globe.","none"
"ECE","129","ECE-129","Renewable and Energy Storage Resources","Provides a solid foundation to renewable energy resources such as hydroelectric, solar, wind, geothermal, wave, and tidal. Energy grid storage systems. Presents lessons learned from actual systems and study of renewable energy resources and energy storage systems. Presents lessons learned from actual systems and results of detailed studies on the applications of renewable energy resources and energy storage systems. Industry tools for hands-on experience with such resources and systems will be provided.","none"
"ECE","134","ECE-134","Electronic Materials Science of Integrated Circuits","Electronic materials science with emphasis on topics pertinent to microelectronics and VLSI technology. Concept of the course is to use components in integrated circuits to discuss structure, thermodynamics, reaction kinetics, and electrical properties of materials.","PHYS 2C, PHYS 2D"
"ECE","135A","ECE-135A","Semiconductor Physics","Crystal structure and quantum theory of solids; electronic band structure; review of carrier statistics, drift and diffusion, p-n junctions; nonequilibrium carriers, imrefs, traps, recombination, etc.; metal-semiconductor junctions and heterojunctions.","ECE 103"
"ECE","135B","ECE-135B","Electronic Devices","Structure and operation of bipolar junction transistors, junction field-effect transistors, metal-oxide-semiconductor diodes and transistors. Analysis of dc and ac characteristics. Charge control model of dynamic behavior.","ECE 135A"
"ECE","136L","ECE-136L","Microelectronics Laboratory","Laboratory fabrication of diodes and field-effect transistors covering photolithography, oxidation, diffusion, thin film deposition, etching and evaluation of devices. (Course materials and/or program fees may apply.)","ECE 135B"
"ECE","138L","ECE-138L","Microstructuring Processing Technology Laboratory","A laboratory course covering the concept and practice of microstructuring science and technology in fabricating devices relevant to sensors, lab-chips and related devices. (Course materials and/or program fees may apply.)","none"
"ECE","139","ECE-139","Semiconductor Device Design and Modeling","This course is designed to provide a general background of semiconductor material, semiconductor device, circuit modeling and design based on fundamental physics, semiconductor physics, and device physics. Acquire the fundamental knowledge and technique to use material, device, mixed-mode, and circuit simulations. Recommended preparation: ECE 135A-B.","none"
"ECE","140A","ECE-140A","The Art of Product Engineering I","Building on a solid foundation of electrical and computer engineer skills, this course strives to broaden student skills in software, full-stack engineering, and concrete understanding of methods related to the realistic development of a commercial product. Students will research, design, and develop an IOT device to serve an emerging market.","CSE 8B or CSE 11 or ECE 15"
"ECE","140B","ECE-140B","The Art of Product Engineering II","Building on a solid foundation of electrical and computer engineer skills, this course strives to broaden student skills in software, full-stack engineering, and concrete understanding of methods related to the realistic development of a commercial product. Students will research, design, and develop an IOT device to serve an emerging market.","ECE 140A"
"ECE","141A","ECE-141A","Software Foundations I","Software analysis, design, and development. Data structures, algorithms, and design and development idioms in C++. Students will gain broad experience using object-oriented methods and design patterns. Through increasingly difficult challenges, students will gain valuable real-world experience building, testing, and debugging software, and develop a robust mental model of modern software design and architecture.","ECE 17, CSE 30 or ECE 30"
"ECE","141B","ECE-141B","Software Foundations II","ECE 141B builds upon the solid C++ foundation of ECE 141A. Students will model and build a working database management solution in C++. Topics include STL, design patterns, parsing, searching and sorting, algorithmic thinking, and design partitioning. The course will continue to explore best practices in software development, debugging, and testing.","ECE 141A"
"ECE","143","ECE-143","Programming for Data Analysis","This course covers the fundamentals of using the Python language effectively for data analysis. Students learn the underlying mechanics and implementation specifics of Python and how to effectively utilize the many built-in data structures and algorithms. The course introduces key modules for data analysis such as Numpy, Pandas, and Matplotlib. Participants learn to leverage and navigate the vast Python ecosystem to find codes and communities of individual interest.","ECE 16"
"ECE","144","ECE-144","LabVIEW Programming: Design and Applications","Develop, debug, and test LabVIEW VIs, solve problems using LabVIEW, use data acquisition, and perform signal processing and instrument control in LabVIEW applications. Groups of students will build an elevator system from laser-cut and 3-D printed parts; integrate sensors, motors, and servos; and program using state-machine architecture in LabVIEW. Students will have the opportunity to take the National Instruments Certified LabVIEW Associate Developer (CLAD) exam at the end of the quarter. Program or materials fees may apply.","CSE 11 or CSE 8B or ECE 15"
"ECE","145AL-BL-CL","ECE-145AL-BL-CL","Acoustics Laboratory","Automated laboratory based on H-P GPIB controlled instruments. Software controlled data collection and analysis. Vibrations and waves in strings and bars of electromechanical systems and transducers. Transmissions, reflection, and scattering of sound waves in air and water. Aural and visual detection.","ECE 107"
"ECE","148","ECE-148","Introduction to Autonomous Vehicles","This course introduces students to the fundamentals of autonomous vehicles using an accelerated and engaging engineering curriculum leveraging the educational benefits of robotics coopertition (cooperative competition). Students work in small teams building scale cars utilizing best engineering practices. Skills to be learned include fast prototyping, project management, traditional programming, and computer vision using Robot Operating System (ROS) and artificial intelligence deep learning. Cross-listed with MAE 148. Students may not receive credit for ECE 148 and MAE 148. Program or materials fees may apply.","ECE 15 or ECE 35 or MAE 2 or MAE 3"
"ECE","150","ECE-150","Entrepreneurship for Engineers","A foundation course teaching the basics of starting and running a successful new business. Students learn how to think like entrepreneurs, pivot their ideas to match customer needs, and assess financial, market, and timeline feasibility. The end goal is an investor pitch and a business plan. Provides experiential education, encouragement, and coaching (“E3CE”) that prepares students for successful careers at start-up as well as large companies. Students may not receive credit for both ECE 150 and CSE 175. Counts toward one professional elective only.","none"
"ECE","153","ECE-153","Probability and Random Processes for Engineers","Random processes. Stationary processes: correlation, power spectral density. Gaussian processes and linear transformation of Gaussian processes. Point processes. Random noise in linear systems.","ECE 109"
"ECE","155","ECE-155","Digital Communications Theory","Design and performance analysis of digital modulation techniques, including probability of error results for PSK, DPSK, and FSK. Introduction to effects of intersymbol interference and fading. Detection and estimation theory, including optimal receiver design and maximum-likelihood parameter estimation. Renumbered from ECE 154B. Students may not receive credit for ECE 155 and ECE 154B.","ECE 101 or BENG 122A, ECE 109 or ECON 120A or MAE 108 or MATH 180A or MATH 180B or MATH 183 or MATH 186, ECE 153"
"ECE","156","ECE-156","Sensor Networks","Characteristics of chemical, biological, seismic, and other physical sensors; signal processing techniques supporting distributed detection of salient events; wireless communication and networking protocols supporting formation of robust sensor fabrics; current experience with low power, low cost sensor deployments. Undergraduate students must take a final exam; graduate students must write a term paper or complete a final project. Cross-listed with MAE 149 and SIO 238.","none"
"ECE","157A","ECE-157A","Communications Systems Laboratory I","Experiments in the modulation and demodulation of baseband and passband signals. Statistical characterization of signals and impairments. (Course materials and/or program fees may apply.)","ECE 109 or ECON 120A or MAE 108 or MATH 180A or MATH 180B or MATH 183 or MATH 186, ECE 161A"
"ECE","157B","ECE-157B","Communications Systems Laboratory II","Advanced projects in communication systems. Students will plan and implement design projects in the laboratory, updating progress weekly and making plan/design adjustments based upon feedback.","ECE 157A or ECE 161A"
"ECE","158A","ECE-158A","Data Networks I","Layered network architectures, data link control protocols and multiple-access systems, performance analysis. Flow control; prevention of deadlock and throughput degradation. Routing, centralized and decentralized schemes, static dynamic algorithms. Shortest path and minimum average delay algorithms. Comparisons.","ECE 109"
"ECE","158B","ECE-158B","Data Networks II","Layered network architectures, data link control protocols and multiple-access systems, performance analysis. Flow control; prevention of deadlock and throughput degradation. Routing, centralized and decentralized schemes, static dynamic algorithms. Shortest path and minimum average delay algorithms. Comparisons.","ECE 158A"
"ECE","159","ECE-159","Introduction to Data Processing and Information Theory","Introduction to information theory and coding, including entropy, average mutual information, channel capacity, block codes, and convolutional codes. Renumbered from ECE 154C. Students may not receive credit for ECE 159 and ECE 154C.","ECE 153"
"ECE","161A","ECE-161A","Introduction to Digital Signal Processing","Review of discrete-time systems and signals, Discrete-Time Fourier Transform and its properties, the Fast Fourier Transform, design of Finite Impulse Response (FIR) and Infinite Impulse Response (IIR) filters, implementation of digital filters. May be coscheduled with SIOC 207A.","ECE 101"
"ECE","161B","ECE-161B","Digital Signal Processing","Sampling and quantization of baseband signals; A/D and D/A conversion, quantization noise, oversampling and noise shaping. Sampling of bandpass signals, undersampling downconversion, and Hilbert transforms. Coefficient quantization, roundoff noise, limit cycles, and overflow oscillations. Insensitive filter structures, lattice and wave digital filters, multirate signal processing. Systems will be designed and tested with MATLAB and C.","ECE 161A"
"ECE","161C","ECE-161C","Applications of Digital Signal Processing","This course discusses several applications of DSP. Topics covered will include speech analysis and coding; image and video compression and processing. A class project is required, algorithms simulated by MATLAB.","ECE 161A"
"ECE","163","ECE-163","Electronic Circuits and Systems","Analysis and design of analog circuits and systems. Feedback systems with applications to operational amplifier circuits. Stability, sensitivity, bandwidth, compensation. Design of active filters. Switched capacitor circuits. Phase-locked loops. Analog-to-digital and digital-to-analog conversion. (Course materials and/or program fees may apply.)","ECE 101, ECE 102"
"ECE","164","ECE-164","Analog Integrated Circuit Design","Design of linear and nonlinear analog integrated circuits including operational amplifiers, voltage regulators, drivers, power stages, oscillators, and multipliers. Use of feedback and evaluation of noise performance. Parasitic effects of integrated circuit technology. Laboratory simulation and testing of circuits.","ECE 102"
"ECE","165","ECE-165","Digital Integrated Circuit Design","VLSI digital systems. Circuit characterization, performance estimation, and optimization. Circuits for alternative logic styles and clocking schemes. Subsystems include ALUs, memory, processor arrays, and PLAs. Techniques for gate arrays, standard cell, and custom design. Design and simulation using CAD tools. Students may not receive credit for both ECE 165 and ECE 108.","ECE 102"
"ECE","166","ECE-166","Microwave Systems and Circuits","Waves, distributed circuits, and scattering matrix methods. Passive microwave elements. Impedance matching. Detection and frequency conversion using microwave diodes. Design of transistor amplifiers including noise performance. Circuits designs will be simulated by computer and tested in the laboratory. (Course materials and/or program fees may apply.)","ECE 102, ECE 107"
"ECE","171A","ECE-171A","Linear Control System Theory","Stability of continuous- and discrete-time single-input/single-output linear time-invariant control systems emphasizing frequency domain methods. Transient and steady-state behavior. Stability analysis by root locus, Bode, Nyquist, and Nichols plots. Compensator design.","ECE 45"
"ECE","171B","ECE-171B","Linear Control System Theory","Time-domain, state-variable formulation of the control problem for both discrete-time and continuous-time linear systems. State-space realizations from transfer function system description. Internal and input-output stability, controllability/observability, minimal realizations, and pole-placement by full-state feedback.","ECE 171A"
"ECE","172A","ECE-172A","Introduction to Intelligent Systems: Robotics and Machine Intelligence","This course will introduce basic concepts in machine perception. Topics covered will include edge detection, segmentation, texture analysis, image registration, and compression.","ECE 101"
"ECE","174","ECE-174","Introduction to Linear and Nonlinear Optimization with Applications","The linear least squares problem, including constrained and unconstrained quadratic optimization and the relationship to the geometry of linear transformations. Introduction to nonlinear optimization. Applications to signal processing, system identification, robotics, and circuit design. Recommended preparation: ECE 143 (for Python) or equivalent proficiency in MATLAB programming.","MATH 18 or MATH 31AH, ECE 15"
"ECE","175A","ECE-175A","Elements of Machine Intelligence: Pattern Recognition and Machine Learning","Introduction to pattern recognition and machine learning. Decision functions. Statistical pattern classifiers. Generative vs. discriminant methods for pattern classification. Feature selection. Regression. Unsupervised learning. Clustering. Applications of machine learning.","ECE 109, ECE 174"
"ECE","175B","ECE-175B","Elements of Machine Intelligence: Probabilistic Reasoning and Graphical Models","Bayes’ rule as a probabilistic reasoning engine; graphical models as knowledge encoders; conditional independence and D-Separation; Markov random fields; inference in graphical models; sampling methods and Markov Chain Monte Carlo (MCMC); sequential data and the Viterbi and BCJR algorithms; The Baum-Welsh algorithm for Markov Chain parameter estimation.","ECE 175A"
"ECE","176","ECE-176","Introduction to Deep Learning and Applications","This course covers the fundamentals in deep learning, basics in deep neural network including different network architectures (e.g., ConvNet, RNN), and the optimization algorithms for training these networks. We will have hands-on implementation courses in PyTorch. This course will also introduce the deep learning applications in computer vision, robotics, and sequence modeling in natural language processing.","MATH 18 or MATH 31AH"
"ECE","180","ECE-180","Topics in Electrical and Computer Engineering","Topics of special interest in electrical and computer engineering. Subject matter will not be repeated so it may be taken for credit more than once.","none"
"ECE","181","ECE-181","Physical Optics and Fourier Optics","Ray optics, wave optics, beam optics, Fourier optics, and electromagnetic optics. Ray transfer matrix, matrices of cascaded optics, numerical apertures of step and graded index fibers. Fresnel and Fraunhofer diffractions, interference of waves. Gaussian and Bessel beams, the ABCD law for transmissions through arbitrary optical systems. Spatial frequency, impulse response and transfer function of optical systems, Fourier transform and imaging properties of lenses, holography. Wave propagation in various (inhomogeneous, dispersive, anisotropic or nonlinear) media. (Course materials and/or program fees may apply.)","ECE 103, ECE 107"
"ECE","182","ECE-182","Electromagnetic Optics, Guided-Wave, and Fiber Optics","Polarization optics: crystal optics, birefringence. Guided-wave optics: modes, losses, dispersion, coupling, switching. Fiber optics: step and graded index, single and multimode operation, attenuation, dispersion, fiber optic communications. Resonator optics. Program or materials fees may apply.","ECE 107"
"ECE","183","ECE-183","Optical Electronics","Quantum electronics, interaction of light and matter in atomic systems, semiconductors. Laser amplifiers and laser systems. Photodetection. Electro-optics and acousto-optics, photonic switching. Fiber optic communication systems. Labs: semiconductor lasers, semiconductor photodetectors. (Course materials and/or program fees may apply.)","ECE 103, ECE 107"
"ECE","184","ECE-184","Optical Information Processing and Holography","(Conjoined with ECE 241AL) Labs: optical holography, photorefractive effect, spatial filtering, computer generated holography. Students enrolled in ECE 184 will receive four units of credit; students enrolled in ECE 241AL will receive two units of credit. (Course materials and/or program fees may apply.)","ECE 182"
"ECE","185","ECE-185","Lasers and Modulators","(Conjoined with ECE 241BL) Labs: CO2 laser, HeNe laser, electro-optic modulation, acousto-optic modulation, spatial light modulators. Students enrolled in ECE 185 will receive four units of credit; students enrolled in ECE 241BL will receive two units of credit. (Course materials and/or program fees may apply.)","ECE 183"
"ECE","187","ECE-187","Introduction to Biomedical Imaging and Sensing","Image processing fundamentals: imaging theory, image processing, pattern recognition; digital radiography, computerized tomography, nuclear medicine imaging, nuclear magnetic resonance imaging, ultrasound imaging, microscopy imaging.","MATH 20A, MATH 20B, MATH 20F, MATH 20C or MATH 21C, MATH 20D or MATH 21D, PHYS 2A, PHYS 2B, PHYS 2C, PHYS 2D, ECE 101"
"ECE","188","ECE-188","Topics in Electrical and Computer Engineering with Laboratory","Topics of special interest in electrical and computer engineering with laboratory. Subject matter will not be repeated so it may be taken for credit up to three times.","none"
"ECE","189","ECE-189","Technical Public Speaking","Basics of technical public speaking, including speech organization, body language (eye contact, hand gestures, etc.), volume and rate, and design of technical slides. Students will practice technical public speaking, including speeches with PowerPoint slides and speaker introductions, and presenting impromptu speeches. Students may not receive credit for both ECE 189 and ENG 100E.","none"
"ECE","190","ECE-190","Engineering Design","Students complete a project comprising at least 50 percent or more engineering design to satisfy the following features: student creativity, open-ended formulation of a problem statement/specifications, consideration of alternative solutions/realistic constraints. Written final report required.","none"
"ECE","191","ECE-191","Engineering Group Design Project","Groups of students work to design, build, demonstrate, and document an engineering project. All students give weekly progress reports of their tasks and contribute a section to the final project report.","none"
"ECE","193H","ECE-193H","Honors Project","An advanced reading or research project performed under the direction of an ECE faculty member. Must contain enough design to satisfy the ECE program’s four-unit design requirement. Must be taken for a letter grade. May extend over two quarters with a grade assigned at completion for both quarters.","none"
"ECE","194","ECE-194","Viacar Design Project","Students design, build, and race an autonomous car using principles in electrical engineering and computer science: circuit design, control theory, digital signal processing, embedded systems, microcontrollers, electromagnetism, and programming.","none"
"ECE","195","ECE-195","Teaching","Teaching and tutorial activities associated with courses and seminars. Not more than four units of ECE 195 may be used for satisfying graduation requirements. (P/NP grades only.)","none"
"ECE","196","ECE-196","Engineering Hands-on Group Project","Groups of students work to build and demonstrate at least three engineering projects at the beginning, intermediate, and advanced levels. The final project consists of either a new project designed by the student team or extension of an existing project. The student teams also prepare a manual as part of their documentation of the final project. May be taken for credit two times.","BENG 1 or CENG 4 or CSE 11 or CSE 8B or ECE 5 or MAE 3 or NANO 4 or SE 1"
"ECE","197","ECE-197","ECE Internship","An enrichment program that provides work experience with public/private section employers. Subject to the availability of positions, students will work in a local company under the supervision of a faculty member and site supervisor. (P/NP grades only.)","none"
"ECE","198","ECE-198","Directed Group Study","Topics in electrical and computer engineering whose study involves reading and discussion by a small group of students under direction of a faculty member. (P/NP grades only.)","none"
"ECE","199","ECE-199","Independent Study for Undergraduates","Independent reading or research by special arrangement with a faculty member. (P/NP grades only.)","none"
"MAE","002","MAE-002","Introduction to Aerospace Engineering","An introduction to topics in aeronautical and astronautical engineering including aerodynamics, propulsion, flight mechanics, structures, materials, orbital mechanics, design, mission planning, and environments. General topics include historical background, career opportunities, engineering ethics, and professionalism.","none"
"MAE","003","MAE-003","Introduction to Mechanical Design","Introduction to design process through hands-on individual and team projects. Topics include 2D/3D CAD (drawing projections/isometrics, dimensioning), design problem identification, prototype fabrication techniques (shop skills, rapid prototyping), design process (concept generation/selection, risk reduction strategies, scheduling), learning from hardware performance (problem solving/redesign), teamwork. Use of components: fasteners, couplings, DC motors, oral/written communication with graphics. Program or materials fees may apply.","PHYS 2A or PHYS 4A"
"MAE","005","MAE-005","Quantitative Computer Skills","Introductory course for nonengineering majors. Use of computers in solving problems; applications from life sciences, physical sciences, and engineering. Students run existing computer programs and complete some programming in BASIC.","none"
"MAE","007","MAE-007","Spatial Visualization","(Cross-listed with SE 7.) Spatial visualization is the ability to manipulate 2-D and 3-D shapes in one’s mind. In this course, students will perform exercises that increase their spatial visualization skills. P/NP grades only. Students may not receive credit for SE 7 and MAE 7.","none"
"MAE","008","MAE-008","MATLAB Programming for Engineering Analysis","Computer programming in MATLAB with elementary numerical analysis of engineering problems. Arithmetic and logical operations, arrays, graphical presentation of computations, symbolic mathematics, solutions of equations, and introduction to data structures.","MATH 20A, MATH 20B"
"MAE","011","MAE-011","Thermodynamics","Fundamentals of engineering thermodynamics: energy, work, heat, properties of pure substances, first and second laws for closed systems and control volumes, gas mixtures. Application to engineering systems, power and refrigeration cycles, combustion. Renumbered from MAE 110A. Students may not receive credit for MAE 11 and MAE 110A.","PHYS 2C, CHEM 6A"
"MAE","020","MAE-020","Elements of Materials Science","The structure of materials: metals, ceramics, glasses, semiconductors, superconductors, and polymers to produce desired, useful properties. Atomic structures. Defects in materials, phase diagrams, microstructural control. Mechanical and electrical properties are discussed. Time temperature transformation diagrams. Diffusion.","PHYS 2A or PHYS 4A, CHEM 6A or CHEM 6AH, MATH 20C"
"MAE","021","MAE-021","Aerospace Materials Science","Atomic structure and physical properties of engineering materials including metals, ceramics, glasses, polymers, and composite materials. Defects and phase diagram of materials. Material testing and processing. Program or materials fees may apply.","PHYS 2A or PHYS 4A, CHEM 6A or CHEM 6AH, MATH 20B"
"MAE","030A","MAE-030A","Statics and Introduction to Dynamics","Statics: statics of particles and rigid bodies in 3-D. Free body diagrams. Moment of a force, couples, equivalent systems of forces. Distributed forces, centroids, and centers of gravity. Introduction to dynamics: 3-D relative motion, kinematics, and kinetics of particles. Newton’s equations of motion. Equilibrium problems with friction. Enrollment restricted to engineering majors MC 25, MC 27, MC 29, MC 30–34, MC 35–37, and SE 27.","PHYS 2A, MATH 31BH or MATH 20C"
"MAE","030B","MAE-030B","Dynamics and Vibrations","Dynamics: energy methods for motion of particles and rigid bodies, including virtual work, power, and Lagrange’s equations. Impact and impulses. Systems of particles. Introduction to 3-D dynamics of rigid bodies. Introduction to vibrations: free and harmonically forced vibrations of undamped and damped single degree of freedom systems. Enrollment restricted to engineering majors only MC 25, MC 27, MC 29, MC 30–34, MC 35–37, and SE 27.","MAE 30A"
"MAE","040","MAE-040","Linear Circuits","Steady-state and dynamic behavior of linear, lumped-parameter electrical circuits. Kirchhoff’s laws. RLC circuits. Node and mesh analysis. Operational amplifiers. Signal acquisition and conditioning. Electric motors. Design applications in engineering.","MATH 20D, MATH 31AH or MATH 18 or MATH 20F, PHYS 2B"
"MAE","087","MAE-087","First-year Student Seminar","The First-year Student Seminar program is designed to provide new students with the opportunity to explore an intellectual topic with a faculty member in a small seminar setting. First-year student seminars are offered in all campus departments and undergraduate colleges. Topics vary from quarter to quarter. Enrollment is limited to fifteen to twenty students, with preference given to entering first-year students.","none"
"MAE","088","MAE-088","Learn Sustainable Well-Being: Compassion for Self and Others, an Engineer’s Perspective","This experiential course teaches the art of practicing psychological well-being, based on Eastern and Western approaches (e.g., mindfulness, positive psychology, cognitive therapy, neuroscience, theatre and art), from the perspective of an engineer. Each week there is a short lecture on a given topic, combined with workshop-style exercises.","none"
"MAE","091","MAE-091","Introduction to Topics in Mechanical and Aerospace Engineering","An introduction to special topics in mechanical and aerospace engineering.","none"
"MAE","092A","MAE-092A","Design Competition—Design, Build, and Fly Aircraft","(Cross-listed with SE 10A.) Student teams design, build, and fly unmanned aircraft for a national student competition. Students concentrate on vehicle system design including aerodynamics, structures, propulsion, and performance. Teams engineering, fabricate the aircraft, submit a design report, and prep aircraft for competition.","none"
"MAE","093","MAE-093","Design Competition—Design, Build, and Test Race Car","Student teams design, build, and test a formula-style racing car for an international student competition. Students concentrate on vehicle system analysis and design, manufacturability and performance. Teams engineer, fabricate car, submit a design report and prep car for competition.","none"
"MAE","094","MAE-094","Rocketry Competitions—Design and Build Rockets and Space Systems","Student teams design, build, and test different components of rockets and cubesats for national level competitions. Students will be involved in planning, designing, manufacturing, and testing various systems. Team engineers will focus on the feasibility of manufacturing and performance for the targeted competitions. Final design reports will be prepared by the teams.","none"
"MAE","098","MAE-098","Directed Group Study","Directed group study on a topic or in a field not included in the regular departmental curriculum. P/NP grades only. May be taken for credit two times. Credit may not be received for a course numbered 97, 98, or 99 subsequent to receiving credit for a course numbered 197, 198, or 199.","none"
"MAE","099H","MAE-099H","Independent Study","Independent study or research under direction of a member of the faculty.","none"
"MAE","101A","MAE-101A","Introductory Fluid Mechanics","Fluid statics; fluid kinematics; integral and differential forms of the conservation laws for mass, momentum, and energy; Bernoulli equation; potential flows; dimensional analysis and similitude.","PHYS 2A or PHYS 4A, MATH 20D, MATH 20E or MATH 31CH"
"MAE","101B","MAE-101B","Advanced Fluid Mechanics","Laminar and turbulent flow. Pipe flow including friction factor. Boundary layers, separation, drag, and lift. Compressible flow including shock waves.","MAE 101A or CENG 101A, MAE 11 or MAE 110A or CENG 102"
"MAE","101C","MAE-101C","Heat Transfer","Extension of fluid mechanics in MAE 101A–B to viscous, heat-conducting flows. Application of the energy conservation equation to heat transfer in ducts and external boundary layers. Heat conduction and radiation transfer. Heat transfer coefficients in forced and free convection. Design applications.","MAE 101A or CENG 101A, MAE 101B, MAE 105"
"MAE","101D","MAE-101D","Intermediate Heat Transfer","Course builds on the MAE fluids sequence, offering more advanced concepts in conduction, convection, radiation, and heat exchanger design. This course covers numerical methods in conduction, boiling, condensation and evaporation analysis, natural and turbulent convection, spectral and directional radiative transfer, heatpipes, thermal design of spacecraft, heat exchanger analysis and design.","MAE 101C"
"MAE","104","MAE-104","Aerodynamics","Basic relations describing flow field around wings and bodies at subsonic and supersonic speed. Thin-wing theory. Slender-body theory. Formulation of theories for evaluating forces and moments on airplane geometries. Application to the design of high-speed aircraft.","MAE 101A, MAE 101B"
"MAE","105","MAE-105","Introduction to Mathematical Physics","Fourier series, Sturm Liouville theory, elementary partial differential equations, integral transforms with applications to problems in vibration, wave motion, and heat conduction.","PHYS 2A, PHYS 2B, MATH 20D or MATH 21D"
"MAE","107","MAE-107","Computational Methods in Engineering","Introduction to scientific computing and algorithms; iterative methods, systems of linear equations with applications; nonlinear algebraic equations; function interpolation and differentiation and optimal procedures; data fitting and least-squares; numerical solution of ordinary differential equations.","MAE 8 or MAE 9, MATH 18 or MATH 20F or MATH 31AH"
"MAE","108","MAE-108","Probability and Statistical Methods for Engineering","Probability theory, conditional probability, Bayes theorem, random variables, densities, expected values, characteristic functions, central limit theorem. Engineering reliability, elements of estimation, random sampling, sampling distributions, hypothesis testing, confidence intervals. Curve fitting and data analysis. Students cannot receive credit for MAE 108 and ECE 109, ECON 120A, MATH 180A, MATH 183, MATH 186, or SE 125.","MATH 18 or MATH 20F"
"MAE","110","MAE-110","Thermodynamic Systems","Thermodynamic analysis of power cycles with application to combustion driven engines: internal combustion, diesel, and gas turbines. Thermodynamics of mixtures and chemical and phase equilibrium. Computational methods for calculating chemical equilibrium. Renumbered from MAE 110B. Students may not receive credit for MAE 110 and MAE 110B.","MAE 11 or MAE 110A"
"MAE","113","MAE-113","Fundamentals of Propulsion","Compressible flow, thermodynamics, and combustion relevant to aircraft and space vehicle propulsion. Analysis and design of components for gas turbines, including turbines, inlets, combustion chambers and nozzles. Fundamentals of rocket propulsion.","MAE 11 or MAE 110A or CENG 102, MAE 101A or CENG 101A, MAE 101B or CENG 101C"
"MAE","114","MAE-114","Space Propulsion","This course covers the fundamentals of rocket propulsion and discusses advanced concepts in space propulsion. Topics include liquid and solid propellant rocket engines, electrical rocket propulsion, nuclear propulsion devices, solar-powered vehicles, and current challenges and opportunities in launch vehicle technologies.","MAE 113"
"MAE","117A","MAE-117A","Elementary Plasma Physics","(Cross-listed with Physics 151.) Particle motions, plasmas as fluids, waves, diffusion, equilibrium and stability, nonlinear effects, controlled fusion. Recommended preparation: PHYS 100B–C or ECE 107.","MATH 20D or MATH 21D"
"MAE","118","MAE-118","Introduction to Energy and Environment","Overview of present-day primary energy sources and availability: fossil fuel, renewable, and nuclear; heat engines; energy conservation, transportation, air pollution, and climate change. Students may not receive credit for both MAE 118 and MAE 118A.","MAE 101A or CENG 101A"
"MAE","119","MAE-119","Introduction to Renewable Energy: Solar and Wind","Basic principles of solar radiation—diffuse and direct radiation; elementary solar energy engineering—solar thermal and solar photovoltaic; basic principles of wind dynamics—hydrodynamic laws, wind intermittency, Betz’s law; elementary wind energy engineering; solar and wind energy perspectives; operating the California power grid with 33 percent renewable energy sources. Students may not receive credit for both MAE 118B and MAE 119.","PHYS 2C"
"MAE","120","MAE-120","Introduction to Nuclear Energy","Overview of basic fission and fusion processes. Elementary fission reactor physics and engineering; environmental and waste disposal issues. Survey of fusion technology issues and perspectives. May not receive credit for both MAE 118C and MAE 120.","MAE 101A or CENG 101A"
"MAE","121","MAE-121","Air Pollution Transport and Dispersion Modeling","Overview of air pollution and wastes and their impact. Characteristics of air pollutants. Air pollution transport. Atmospheric stability. Plume rise and dispersion. Meteorological data. Selecting the appropriate air quality model and case studies. Modeling complex terrain situations. Current air quality modeling issues. Laws and regulations to control air pollution.","MAE 122"
"MAE","122","MAE-122","Flow and Transport in the Environment","Introduction to the air and aquatic environments. Buoyancy, stratification, and rotation. Earth surface energy balance. Introduction to the atmospheric boundary layer. Advection and diffusion. Turbulent diffusion and dispersion in rivers and in the atmospheric boundary layer. Surface waves and internal gravity waves.","MAE 101A or CENG 101A"
"MAE","123","MAE-123","Introduction to Transport in Porous Media","Introduction to groundwater flow. Pollution transport through the water table. Fundamentals of flow. Single- and multi-phase flow. Darcy law. Well hydraulics. Diffusion and dispersion. Gravity currents and plumes in porous media. Chemistry of fluid-solid interactions. Fundamentals of adsorption and surface reactions.","MAE 105"
"MAE","125","MAE-125","Building Energy Efficiency","Physical building performance including building thermodynamics, daylighting, and solar control. Heat transfer through building envelope, solar geometry, and shading. Heating, ventilation, and air conditioning system design, water heating, microclimates, passive system design, energy efficient design, applicant energy use, cost estimating. Building energy codes and standards. Building design project with whole building energy simulation software.","none"
"MAE","126A","MAE-126A","Environmental Engineering Laboratory","Analysis of experiments in Environmental Engineering: Drag in a water tunnel, shading effects on solar photovoltaic, buoyant plume dispersion in a water tank, atmospheric turbulence, and others. Use of sensors and data acquisition. Laboratory report writing; error analysis; engineering ethics.","MAE 101A or CENG 101A, MAE 170"
"MAE","126B","MAE-126B","Environmental Engineering Design","Fundamental principles of environmental design. Building a working prototype or computer model for an environmental engineering application. Work in teams to propose and design experiments and components, obtain data, complete engineering analysis, and write a report. Engineering ethics and professionalism.","MAE 126A"
"MAE","130","MAE-130","Advanced Vibrations","Harmonically excited vibrations. Vibration of multiple degree-of-freedom systems. Observations, including beat frequencies, static and dynamic coupling, traveling, and standing wave phenomena. Vibration of continuous systems. Hamilton’s equations. Distributed and point forces and moments in continuous systems and the generalized Dirac distribution. Response to impact and impulse excitation. Modeling continuous systems with approximate discrete models. Restricted to engineering majors only MC 25, MC 27, MC 29, MC 30–34, MC 35–37, MO 21, SE 27.","MATH 18 or MATH 31AH, MAE 30B"
"MAE","131A","MAE-131A","Solid Mechanics I","Concepts of stress and strain. Hooke’s Law. Axial loading of bars. Torsion of circular shafts. Shearing and normal stresses in beam bending. Deflections in beams. Statically determinate and indeterminate problems. Combined loading. Principal stresses and design criteria. Buckling of columns.","MATH 20D, MAE 30A or MAE 130A or SE 101A"
"MAE","131B","MAE-131B","Fundamentals of Solid Mechanics II","Analysis of 3-D states of stress and strain. Governing equations of linear elasticity. Solution of elasticity problems in rectangular and polar coordinates. Stress concentration. Failure criteria. Torsion of noncircular and thin walled members. Energy methods. Plastic collapse and limit analysis.","MAE 131A or SE 110A, MAE 105"
"MAE","133","MAE-133","Finite Element Methods in Mechanical and Aerospace Engineering","Development of stiffness and mass matrices based upon variational principles and application to static, dynamic, and design problems in structural and solid mechanics. Architecture of computer codes for linear and nonlinear finite element analysis. The use of general-purpose finite element codes.","MAE 131A or SE 110A"
"MAE","142","MAE-142","Dynamics and Control of Aerospace Vehicles","The dynamics of vehicles in space or air are derived for analysis of the stability properties of spacecraft and aircraft. The theory of flight, lift, drag, Dutch roll and phugoid modes of aircraft are discussed. Optimal state space control theory for the design of analog and digital controllers (autopilots).","MAE 104, MAE 143B or ECE 171A"
"MAE","143A","MAE-143A","Signals and Systems","Dynamic modeling and vector differential equations. Concepts of state, input, output. Linearization around equilibria. Laplace transform, solutions to ODEs. Transfer functions and convolution representation of dynamic systems. Discrete signals, difference equations, z-transform. Continuous and discrete Fourier transform.","MATH 20D or MATH 21D, MATH 20E, MATH 18 or MATH 20F or MATH 31AH"
"MAE","143B","MAE-143B","Linear Control","Analysis and design of feedback systems in the frequency domain. Transfer functions. Time response specifications. PID controllers and Ziegler-Nichols tuning. Stability via Routh-Hurwitz test. Root locus method. Frequence response: Bode and Nyquist diagrams. Dynamic compensators, phase-lead and phase-lag. Actuator saturation and integrator wind-up.","MAE 143A"
"MAE","144","MAE-144","Embedded Control and Robotics","Each student builds, models, programs, and controls an unstable robotic system built around a small Linux computer. Review/synthesis of: A) modern physical and electrical CAD. B) dynamics, signals and systems, linear circuits; PWMs, H-bridges, quadrature encoders. C) embedded Linux, C, graphical programming; multithreaded applications; bus communication to supporting ICs. D) classical control theory in both continuous-time (CT) and discrete-time (DT); interconnection of CT and DT elements. Program or materials fees may apply.","MAE 143B or BENG 122A or ECE 171A"
"MAE","145","MAE-145","Introduction to Robotic Planning and Estimation","This course is an introduction to robotic planning algorithms and programming. Topics include sensor-based planning (bug algorithms), motion planning via decomposition and search (basic search algorithms on graphs, A*), the configuration-space concept, free configuration spaces via sampling, collision detection algorithms, (optimal) planning via sampling (probabilistic trees), environment roadmaps, and filtering for robot localization and environment mapping (SLAM).","MAE 8, MAE 108"
"MAE","146","MAE-146","Introduction to Machine Learning Algorithms","An introduction to the principles used to design and implement machine learning algorithms, as well as an understanding of their advantages and limitations. The topics covered are python review, supervised learning (linear, logistic/sigmoid regression, generalized linear models, nonlinear regression via Kernels), neural network types (convolutional, recurrent, deep NN), unsupervised learning (k-means clustering). Application of ML in different examples. Recommended preparation: ECE 143 and/or python programming knowledge.","MATH 31AH or MATH 18, MATH 20C or MATH 31BH, MAE 8, MAE 108 or ECE 109 or SE 125 or MATH 186 or MATH 183 or MATH 180A or ECON 120A"
"MAE","148","MAE-148","Introduction to Autonomous Vehicles","(Cross-listed with ECE 148.) Fundamentals of autonomous vehicles. Working in small teams, students will develop 1/8-scale autonomous cars that must perform on a simulated city track. Topics include robotics system integration, computer vision, algorithms for navigation, on-vehicle vs. off-vehicle computation, computer learning systems such as neural networks, locomotion systems, vehicle steering, dead reckoning, odometry, sensor fusion, GPS autopilot limitations, wiring, and power distribution and management.","ECE 15 or ECE 35 or MAE 2 or MAE 3"
"MAE","149","MAE-149","Sensor Networks","(Cross-listed with ECE 156.) Characteristics of chemical, biological, seismic, and other physical sensors; signal processing techniques supporting distributed detection of salient events; wireless communication and networking protocols supporting formation of robust censor fabrics; current experience with low power, low-cost sensor deployments. Students may not receive credit for both MAE 149 and ECE 156. May be coscheduled with SIOC 238.","none"
"MAE","150","MAE-150","Computational Methods for Design","Computer-aided analysis and design. Design methodology, tolerance analysis, Monte Carlo analysis, kinematics and computer-aided design of linkages, design of cams and cam dynamics, design optimization, finite element analysis fundamentals, design using commercially available CAD and analysis software.","MAE 30A or MAE 130A or SE 101A or BENG 110, MAE 107 or SE 121, MAE 3 or MAE 2"
"MAE","152","MAE-152","Introductions to Manual and CNC Machining","In this class, students are introduced to precision machining. Students will learn the proper safe operating procedures of a manual mill and lathe, band saws, and hand tools. Other topics include the basics of tolerancing, design (Fusion 360), and operation of CNC milling and turning. Program or materials fees may apply. Recommended preparation: It is recommended that students take introduction to design process through a hands-on design project course or some other introduction to shop course.","MAE 3 or MAE 2"
"MAE","153","MAE-153","Design of Machine Components","An introduction to the fundamentals of machine design in mechanical and aerospace engineering. The course covers the principles of failure theories, design methodologies, and their application in essential machine elements and structures. Topics include analyzing components by applying the theories from statics, dynamics, and mechanics of materials; static and fatigue failure theories; and designing machine components, including shafts, gears, bearings, fasteners, and geometric dimensioning and tolerancing.","MAE 131A"
"MAE","154","MAE-154","Product Design and Entrepreneurship","This course will teach teams of students how to develop concepts and business plans in the design of new and innovative products. Emphasis will be placed on identifying user needs, concept generation, and prototype fabrication.","none"
"MAE","155A","MAE-155A","Aerospace Engineering Design I","Fundamental principles of aerospace vehicle design including the conceptual, preliminary, and detailed design phases. Aeronautical or astronautical design project that integrates all appropriate engineering disciplines as well as issues associated with optimization, teamwork, manufacturability, reporting, and professionalism.","MAE 2 or MAE 21 or SE 2 or SE 104, MAE 104, MAE 30B or MAE 130C, SE 160A"
"MAE","155B","MAE-155B","Aerospace Engineering Design II","The principles of aerospace vehicle design including the conceptual, preliminary, and detailed design phases. Aeronautical or astronautical design project that integrates all appropriate engineering disciplines as well as issues associated with optimization, teamwork, manufacturability, reporting, and professionalism. Program or materials fees may apply.","MAE 113, MAE 142, MAE 155A, MAE 170"
"MAE","156A","MAE-156A","Fundamental Principles of Mechanical Design I","Fundamental principles of mechanical design and the design process. Application of engineering science to the design and analysis of mechanical components. Initiation of team design projects that culminate in MAE 156B with a working prototype designed for a real engineering application. Professional ethics discussed. Program or materials fees may apply.","MAE 3, MAE 30B, MAE 131A, MAE 150, MAE 170"
"MAE","156B","MAE-156B","Fundamental Principles of Mechanical Design II","Fundamental principles of mechanical design and the design process. Culmination of a team design project initiated in MAE 156A which results in a working prototype designed for a real engineering application.","MAE 156A, MAE 101C, MAE 143B, MAE 160 or MAE 131B"
"MAE","160","MAE-160","Mechanical Behavior of Materials","Elasticity and inelasticity, dislocations and plasticity of crystals, creep, and strengthening mechanisms. Mechanical behavior of ceramics, composites, and polymers. Fracture: mechanical and microstructural. Fatigue. Laboratory demonstrations of selected topics.","MAE 20, MAE 30A or MAE 130A or SE 101A, MAE 131A"
"MAE","165","MAE-165","Fatigue and Failure Analysis of Engineering Components","The engineering and scientific aspects of crack nucleation, slow crack growth, and unstable fracture in crystalline and amorphous solids. Microstructural effects on crack initiation, fatigue crack growth and fracture toughness. Methods of fatigue testing and fracture toughness testing. Fractography and microfractography. Design safe methodologies and failure prevention. Failure analysis of real engineering structures.","none"
"MAE","166","MAE-166","Modern Concepts in Nanotechnology","(Cross-listed with NANO 156.) This course offers a worm’s eye perspective on recent developments on nanomaterials through case studies building on basic principles of synthesis techniques, processing, microstructural control, and unique physical properties of materials in nanoscale dimensions. Particular focus will be given to physical properties and technological applications of nanowires, quantum dots, and thin films. Students may not receive credit for both NANO 156 and MAE 166.","none"
"MAE","167","MAE-167","Wave Dynamics in Materials","Pressure and shear waves in infinite solids. Reflection and diffraction. Rayleigh and Love waves in semi-infinite space. Impulse load on a half space. Waveguides and group velocity.","none"
"MAE","170","MAE-170","Experimental Techniques","Principles and practice of measurement and control and the design and conduct of experiments. Technical report writing. Lectures relate to dimensional analysis, error analysis, signal-to-noise problems, filtering, data acquisition and data reduction, as well as background of experiments and statistical analysis. Experiments relate to the use of electronic devices and sensors.","PHYS 2C or PHYS 4B, PHYS 2CL or MAE 140 or MAE 40"
"MAE","171A","MAE-171A","Mechanical Engineering Laboratory I","Design and analysis of experiments in fluid mechanics, solid mechanics, and control engineering. Experiments in wind tunnel, water tunnel, vibration table and material testing machines, and refined electromechanical systems. Laboratory report writing; error analysis; engineering ethics.","MAE 101A, MAE 143B, MAE 170"
"MAE","171B","MAE-171B","Mechanical Engineering Laboratory II","Design and analysis of original experiments in mechanical engineering. Students research projects using experimental facilities in undergraduate laboratories: wind tunnel, water channel, vibration table, and testing machine and control systems. Students propose and design experiments, obtain data, complete engineering analysis and write a major report.","MAE 171A"
"MAE","175A","MAE-175A","Aerospace Engineering Laboratory I","Analysis of aerospace engineering systems using experimental facilities in undergraduate laboratories: wind tunnel, gyroscope control, vibration table, and 2-D helicopter flight dynamics. Students operate facilities, obtain data, complete engineering analysis and write major reports.","MAE 143B, MAE 170"
"MAE","180","MAE-180","Orbital Mechanics","Students perform analyses based on mission requirements. Selected topics include astrodynamics, orbital motion, perturbations, coordinate systems and frames of reference, ground tracks and classification of common orbits, orbit determination, orbital maneuvers, station keeping, orbit injection and launch geometry, and interplanetary and lunar trajectories.","none"
"MAE","181","MAE-181","Space Mission Analysis and Design","Space mission concepts, architectures, and analysis. Mission geometry. Astrodynamics. Orbit and constellation design. Space environment. Payload and spacecraft design and sizing. Power sources and distribution. Thermal management. Structural design. Guidance and navigation. Space propulsion. Orbital debris and survivability. Cost modeling and risk analysis.","none"
"MAE","182","MAE-182","Spacecraft Guidance and Navigation","Navigational and guidance requirements for orbital, planetary, and atmospheric entry missions. Guidance systems. Observation instrument point, tracking, control. Celestial, radio, and inertial navigation schemes. Link budgets, antennas, and telemetry systems.","MAE 108, MAE 180"
"MAE","184","MAE-184","Flight Simulation Techniques","Students will develop software and methods to simulate the motion characteristics of flight vehicles. Six degree-of-freedom equations of motion will be reviewed with emphasis on computer implementation. Algorithms for data modeling, numerical integration, equilibrium, and linearization will be introduced. Three-dimensional visualization techniques will be explored for representing operator and observer viewpoints. Applications include aircraft, launch vehicles, automobiles, and marine vessels.","none"
"MAE","185","MAE-185","Computational Fluid Mechanics","This course will cover numerical solutions of the compressible and incompressible Navier-Stokes equations using finite difference and finite volume discretization with a primary emphasis on programming and a secondary emphasis on application of commercial tools. Introduction to flow visualization will also be covered.","MAE 101B, MAE 107"
"MAE","190","MAE-190","Topics in Mechanical and Aerospace Engineering","Topics of special interest in mechanical and aerospace engineering. May be repeated for credit as topics vary.","none"
"MAE","191","MAE-191","Topics in Mechanical and Aerospace Engineering with Laboratory","Topics of special interest in mechanical and aerospace engineering with laboratory. May be repeated for credit as topics vary.","none"
"MAE","197","MAE-197","Engineering Internship","Students work in local industry or hospitals under faculty supervision. Units may not be applied toward graduation requirements. Salaried or unsalaried. Number of units determined by enrollment frequency. First quarter up to four units. Subsequent quarters cannot exceed one unit.","none"
"MAE","198","MAE-198","Directed Group Study","Directed group study on a topic or in a field not included in the regular department curriculum, by special arrangement with a faculty member. May be taken P/NP only.","none"
"MAE","199","MAE-199","Independent Study for Undergraduates","Independent reading or research on a problem by special arrangement with a faculty member. P/NP grades only.","none"
"COGS","001","COGS-001","Introduction to Cognitive Science","A team-taught course highlighting development of the field and the broad range of topics covered in the major. Example topics include addiction, analogy, animal cognition, human-computer interaction, language, neuroimaging, neural networks, reasoning, robots, and real-world applications.","none"
"COGS","002","COGS-002","Cognitive Neuroeconomics","This course is an introduction to the neuroscience behind the principles of economic decision-making. The topics in this course are aimed at exploring the underlying cognitive and neural mechanisms that drive the decisions behind traditional economic models.","none"
"COGS","003","COGS-003","Introduction to Computing","Covers the fundamental concepts that underlie all programming languages and provides an introduction to the essential information about algorithms and data structures. Students design and implement web applications using HTML5, CSS3, JavaScript, and Photoshop. No previous programming experience is required.","none"
"COGS","003R","COGS-003R","Introduction to Computing","Covers the fundamental concepts that underlie all programming languages and provides an introduction to the essential information about algorithms and data structures. Students design and implement web applications using HTML5, CSS3, JavaScript, and Photoshop. This course is a distance education course. Students may receive credit for one of the following: COGS 3R or COGS 3. No previous programming experience is required.","none"
"COGS","008","COGS-008","Hands-on Computing","Introductory-level course that will give students hands-on experience with robotics, Python programming, and integrating cognitive principles for robot interaction. Prerequisites: freshman and sophomore standing. (No prior programming experience required.)","none"
"COGS","009","COGS-009","Introduction to Data Science","Concepts of data and its role in science will be introduced, as well as the ideas behind data-mining, text-mining, machine learning, and graph theory, and how scientists and companies are leveraging those methods to uncover new insights into human cognition.","none"
"COGS","010","COGS-010","Cognitive Consequences of Technology","This course examines the interrelationships of cognition and technology from the perspective of cognitive science. We address questions of importance for our increasingly technological society: How does technology shape our minds? How should what we know about our minds shape technology?","none"
"COGS","011","COGS-011","Minds and Brains","How damaged and normal brains influence the way humans solve problems, remember or forget, pay attention to things; how they affect our emotions, and the way we use language in daily life.","none"
"COGS","012","COGS-012","Language, Culture, and Cognition","Do people who speak different languages think differently? Does learning new languages change the way you think? Are some thoughts unthinkable without language? Course will bring together ideas and findings from psychology, linguistics, anthropology, neuroscience, and philosophy.","none"
"COGS","013","COGS-013","Field Methods: Studying Cognition in the Wild","This course introduces students to multiple methods to investigate cognition and behavior in natural settings. Students will learn about ethnography, videography (video data collection, coding, and analysis), surveys design and conducting interviews, and how to move from observations to modeling.","none"
"COGS","014A","COGS-014A","Introduction to Research Methods","Introduction to the scientific method. Methods of knowledge acquisition, research questions, hypotheses, operational definitions, variables, control. Observation, levels of measurement, reliability, validity. Experimentation and design: between-groups, within-subjects, quasi-experimental, factorial, single-subject. Correlational and observational studies. Ethics in research.","none"
"COGS","014B","COGS-014B","Introduction to Statistical Analysis","Introduction to descriptive and inferential statistics. Tables, graphs, measures of central tendency and variability. Distributions, Z-scores, correlation, regression. Probability, sampling, logic of inferential statistics, hypothesis testing, decision theory. T-test, one and two-way Anova, nonparametric tests (Chi-square).","COGS 14A"
"COGS","015","COGS-015","What the *#!?: An Uncensored Introduction to Language","This course uses the study of swearing to introduce topics in language: how children learn it, why it changes over time, and how people pronounce and understand it. Students who believe they could be offended by the study of swearing and other taboo language might not find this course appropriate for them.","none"
"COGS","017","COGS-017","Neurobiology of Cognition","Introduction to the organization and functions of the nervous system. Topics include molecular, cellular, developmental, systems, and behavioral neurobiology. Specifically, structure and function of neurons, peripheral and central nervous systems, sensory, motor, and control systems, learning and memory mechanisms. (Students may not receive credit for both BILD12 and COGS 17. This course fulfills general-education requirements for Marshall and Roosevelt Colleges as well as Warren by petition.)","none"
"COGS","018","COGS-018","Introduction to Python","This class will teach fundamental Python programming skills and practices, including the “Zen of Python.” Students will focus on scientific computing and learn to write functions and tests, as well as how to debug code using the Jupyter Notebook programming environment. Students may receive credit for one of the following: BILD 62, COGS 18, CSE 8A, or CSE 6R. Recommended preparation: students with limited computing experience may take COGS 3.","none"
"COGS","020","COGS-020","Exploring the Musical Mind","(Cross-listed with MUS 20.) How do we transform complex sounds into comprehensible and meaningful music? What physiological, neurological, cognitive, and cultural systems are involved? Why do we make music in such diverse ways around the globe? Does music have evolutionary or ecological significance? What is the relationship between music, motion, and emotions? This course explores contemporary understandings of how we hear and how we become musical and invites students to listen to new music in new ways. Students may receive credit for one of the following: MUS 20, MUS 20R, or COGS 20.","none"
"COGS","087","COGS-087","First-year Seminar","The First-year Student Seminar Program is designed to provide new students with the opportunity to explore an intellectual topic with a faculty member in a small seminar setting. First-year Seminars can be offered in all campus departments and undergraduate colleges, and topics vary from quarter to quarter. Enrollment is limited to fifteen to twenty students, with preference given to entering first-year students.","none"
"COGS","088","COGS-088","Learning Sustainable Well-Being: Compassion for Self and Others, a Cognitive Scientist’s Perspective","This experiential course teaches the art of practicing psychological well-being based on principles from Eastern and Western philosophies (e.g., mindfulness, positive psychology, cognitive therapy, and neuroscience) within cognitive science. Each week, there is a short lecture on a given topic combined with workshop-style exercises.","none"
"COGS","090","COGS-090","Undergraduate Seminar","Special topics in cognitive science are discussed. P/NP grades only. (May be repeated when topics vary.)","none"
"COGS","091","COGS-091","SCANS Presents","The department faculty and the Students for Cognitive and Neurosciences (SCANS) offer this seminar exploring issues in cognitive science. It includes informal faculty research presentations, investigations of topics not covered in the curriculum, and discussions on graduate school and careers. (May be repeated when topics vary.)","none"
"COGS","092","COGS-092","Resiliency in the Face of Adversity","Psychological resiliency will be addressed both scientifically and pragmatically. Students will explore the way cognitive and behavioral factors contribute to one’s ability to cope with the stresses of life and emerge from them stronger than before. P/NP only.","none"
"COGS","099","COGS-099","Independent Study","Independent literature or laboratory research by arrangement with and under direction of a Department of Cognitive Science faculty member.","none"
"COGS","100","COGS-100","Cyborgs Now and in the Future","Covers the theories of situated, distributed, enactive, and embodied cognition. Explains how cyborgs are a natural consequence of our current understanding of embodied minds embedded in culturally shaped niches; how mental systems can be distributed over other people and things.","COGS 1 or COGS 10"
"COGS","101A","COGS-101A","Sensation and Perception","An introduction to the experimental study of cognition with a focus on sensation and perception.","COGS 1"
"COGS","101B","COGS-101B","Learning, Memory, and Attention","A survey of the experimental study of learning, memory, and attention. Topics include conditioning, automaticity, divided attention, memory systems, and the nature of mental representation.","COGS 1"
"COGS","101C","COGS-101C","Language","An introduction to structure of natural language, and to the cognitive processes that underline its acquisition, comprehension, and production. This course covers findings from linguistics, computer science, psychology, and cognitive neuroscience to provide an integrated perspective on human language abilities.","COGS 1, COGS 14A"
"COGS","102A","COGS-102A","Cognitive Perspectives","Explores current theoretical frameworks of high-level human cognition that emphasize how we interact with the material, social, and cultural world. Themes include the philosophy and history of cognitive science, the role of artifacts, and how cognition extends beyond the individual.","COGS 1, COGS 10"
"COGS","102B","COGS-102B","Cognitive Ethnography","Examines memory, reasoning, language, culture, planning, and interaction directly in everyday, real-world settings. Focuses on ethnographic methods, their history, and their application. The course work includes projects in which students make observations of real-world activity and analyze their cognitive significance.","COGS 102A"
"COGS","102C","COGS-102C","Cognitive Design Studio","This project-based course focuses on learning and applying the process of human-centered cognitive design. Students work in teams to design and evaluate a prototype application or redesign an existing system. Emphasizes contextual inquiry, user research, ideation, iterative design, and evaluation.","COGS 102B"
"COGS","107A","COGS-107A","Neuroanatomy and Physiology","This first course in the sequence focuses on principles of brain organization, from neurons to circuits to functional networks. It explores developmental plasticity, neuronal connectivity, cellular communication, complex signaling, and how these various dimensions form functional brain systems.","BILD 12 or COGS 17"
"COGS","107B","COGS-107B","Systems Neuroscience","This course focuses on the electrical dynamics of neurons and how their patterns relate to perception, thought, and action. Neural activity patterns underlying vision, touch, audition, proprioception, and head orientation are examined in detail. Also examined are motor control, sleep/wake state production, action planning, learning, memory, attention, spatial cognition and function of the cerebellum, basal ganglia, and hippocampus.","COGS 107A"
"COGS","107C","COGS-107C","Cognitive Neuroscience","This course reviews research investigating the neural bases for human mental processes, including processing of affective, social, linguistic, and visuospatial information, as well as memory, attention, and executive functions. Also discussed are brain development and brain aging, and the nature of intelligence and creativity.","COGS 107B"
"COGS","108","COGS-108","Data Science in Practice","Data science is multidisciplinary, covering computer science, statistics, cognitive science and psychology, data visualization, artificial intelligence and machine learning, among others. This course teaches critical skills needed to pursue a data science career using hands-on programming and experimental challenges.","CSE 11 or CSE 8A or COGS 18 or DSC 10 or MAE 8"
"COGS","109","COGS-109","Modeling and Data Analysis","Exposure to the basic computational methods useful throughout cognitive science. Computing basic statistics, modeling learning individuals, evolving populations, communicating agents, and corpus-based linguistics will be considered.","COGS 14B, MATH 18 or MATH 31AH, COGS 18 or CSE 7 or CSE 8A or CSE 11"
"COGS","110","COGS-110","The Developing Mind","(Cross-listed with HDS 121.) This course examines changes in thinking and perceiving the physical and social world from birth through childhood. Evidence of significant changes in encoding information, forming mental representations, and solving problems is culled from psychological research, cross-cultural studies, and cognitive science. Cross-listed course. HDS 121 has been renumbered from HDP 121. Students may receive credit for one of the following: COGS 110, HDS 121, or HDP 121.","COGS 1 or HDP 1 or HDS 1"
"COGS","111","COGS-111","Beauty and the Brain","What is beauty? The subjective experience of aesthetic appreciation dominates culture. But what determines this illusive quality? Why is it so important, how did it evolve, and how is it represented in the brain?","none"
"COGS","112","COGS-112","Humor","In this course we will explore the psychology, philosophy, and evolutionary origins of humor and laughter.","none"
"COGS","115","COGS-115","Neurological Development and Cognitive Change","This course provides an overview of neurological development and explores the relations between physiological change and the experience for the child from the prenatal period through adolescence.","BILD 10 or BILD 12 or COGS 107A or COGS 107B or COGS 17 or HDP 110"
"COGS","116","COGS-116","Developmental Cognitive Neuroscience","This course will discuss the relationship between brain and cognitive development. Topics will include methods for studying the developing brain, how these methods have informed our understanding of cognitive development, the effects of environmental factors, and disorders of brain development.","COGS 107A and COGS 107B or PSYC 106"
"COGS","117","COGS-117","Growing Minds: Babies, Brains, and Machines","What would it take to build a robot that could learn like a human infant? This course explores the science of learning in natural and artificial minds. What comes easily to babies but is hard for machines, and vice versa? The course will explore connections between infant development, cognitive neuroscience, and advances in AI to understand how natural and artificial minds grow across topics such as perception, motor development, language, curiosity, and social cognition.","COGS 1"
"COGS","118A","COGS-118A","Supervised Machine Learning Algorithms","This course introduces the mathematical formulations and algorithmic implementations of the core supervised machine learning methods. Topics in 118A include regression, nearest neighborhood, decision tree, support vector machine, and ensemble classifiers. COGS 118A-B may be taken in either order.","(COGS 18 or CSE 8B or CSE 11), (MATH 18 or MATH 31AH), MATH 20E, MATH 180A, (COGS 108 or COGS 109 or COGS 118B or CSE 150 or CSE 151 or CSE 158 or ECE 174 or ECE 175A)"
"COGS","118B","COGS-118B","Introduction to Machine Learning","This course, with COGS 118A, forms a rigorous introduction to machine learning. Topics in 118B include maximum likelihood estimation, Bayesian parameter estimation, clustering, principal component analysis, and some application areas. COGS 118A-B may be taken in either order.","(BILD 62 or COGS 18 or CSE 11 or CSE 8B), (MATH 18 or MATH 31AH), MATH 20E, (ECE 109 or ECON 120A or MAE 108 or MATH 180A or MATH 183 or MATH 186), (COGS 108 or COGS 109 or COGS 118A or COGS 188 or CSE 150A or CSE 151A or CSE 158 or CSE 158R or DSC 148 or ECE 174 or ECE 175A)"
"COGS","118C","COGS-118C","Neural Signal Processing","This course will cover theoretical foundations and practical applications of signal processing to neural data. Topics include EEG/field potential methods (filtering, Fourier (spectral) analysis, coherence) and spike train analysis (reverse correlation, spike sorting, multielectrode recordings). Some applications to neural imaging (optical microscopy, fMRI) data will also be discussed.","(MATH 18 or MATH 31AH), (COGS 14B or PSYC 60), (COGS 108 or COGS 109)"
"COGS","118D","COGS-118D","Computational Modeling and Analysis of Human Behavior","Behavioral data is everywhere and reveals how we think, learn, and act. This course equips you to analyze, model, and predict behavior using tools from machine learning. We will explore a variety of computational models, including Bayesian models, latent variable models, and time series analysis, and apply them to real-world datasets. A practical course for students interested in behavioral data science or computational research in human behavior.","(MATH 18 or MATH 31AH), (MATH 180A or MATH 183 or MATH 186 or ECE 109 or ECON 120A or MAE 108), (COGS 108 or COGS 109 or COGS 118A or COGS 118B or COGS 188 or CSE 150A or CSE 151A or CSE 158 or CSE 158R or DSC 148 or ECE 174 or ECE 175A)"
"COGS","119","COGS-119","Programming for Experimental Research","This course will provide theoretical background in principles and best practices for designing effective experiments and a hands-on introduction to modern tools for conducting experiments.","COGS 14B or MATH 11 or PSYC 60"
"COGS","120","COGS-120","Interaction Design","Introduces fundamental methods and principles for designing, implementing, and evaluating user interfaces. Topics: user-centered design, rapid prototyping, experimentation, direct manipulation, cognitive principles, visual design, social software, software tools. Learn by doing: work with a team on a quarter-long design project. Recommended preparation: basic familiarity with HTML. Students may not receive credit for both COGS 120 and CSE 170.","(COGS 108 or CSE 12 or DSC 30), (COGS 1 or COGS 10 or DSGN 1 or ENG 100D)"
"COGS","121","COGS-121","Human Computer Interaction Portfolio Design Studio","Create a personal portfolio of web/mobile/product design projects, oral presentations, and practice pitches to stakeholders.","(COGS 120 or CSE 170), (COGS 18 or CSE 8B or CSE 11 or DSC 30)"
"COGS","122","COGS-122","Start-up Studio","Explores tools and processes for innovating novel business concepts to solve problems involving the interaction between humans and technology. Students will work with an interdisciplinary team to understand unmet user needs and to create a value proposition that balances technical feasibility, financial viability, and desirability.","DSGN 100 or COGS 187B or COGS 187A or COGS 120 or CSE 170"
"COGS","123","COGS-123","Social Computing","This course explores the intersection of social behavior and computational systems. Students will examine a range of organizational, technical, and business challenges related to social computing, and learn how to use tools to analyze, design, and build online communities.","COGS 102C or COGS 120 or COGS 187A or COGS 187B or DSGN 1"
"COGS","124","COGS-124","HCI Technical Systems Research","In this advanced project-based course, we study the state-of-the-art in research on technical systems for human-computer interaction (HCI). Students will deconstruct the systems described in top-tier HCI papers and work in teams to create novel technical systems of their own.","COGS 127 or COGS 121"
"COGS","125","COGS-125","Advanced Interaction Design","This is a studio class for students who are passionate about diving deep into interaction design and honing their design skills. Introduces social computing, input and interaction techniques, and information design. Students will regularly present work in a studio format.","(CSE 11 or CSE 8B), (COGS 120 or CSE 170)"
"COGS","126","COGS-126","Thinking with Computers","This course surveys the field of human-computer interaction and the ideas and technologies that have shaped its development.","COGS 120 or COGS 121 or CSE 170"
"COGS","127","COGS-127","Data-Driven UX/Product Design","Create a UX/product design case study for your portfolio; team project with user research, data science, prototyping, and user testing.","VIS 41 or VIS 30 or DSGN 1 or COGS 1"
"COGS","128","COGS-128","Information Visualization","This course frames information visualization as a quintessential cognitive science problem within our interdisciplinary field. Students learn conceptual and practical aspects of creating high-quality, interactive information displays to support a variety of cognitive tasks and then apply them to real-world data.","(COGS 10 or DSGN 1), COGS 108"
"COGS","137","COGS-137","Practical Data Science in R","Learn coding for data analysis using the R programming language. Course focus will be on practical and applied skills in asking data-informed questions, data wrangling, data visualization, building statistical learning models, and communicating your findings to advance your career.","COGS 14B or MATH 11 or PSYC 60"
"COGS","138","COGS-138","Neural Data Science","Project-based course in which students will use computational notebooks to perform exploratory data analyses and to test hypotheses in large neuroscience datasets, including the differences between unique neuron types, leveraging text mining of the neuroscience literature, and human neuroimaging analyses.","(BILD 62 or COGS 18 or CSE 6R or CSE 8A), (COGS 118C or COGS 189 or DSC 120 or ECE 45 or MATH 144)"
"COGS","142","COGS-142","Animal Communication","This course introduces the study of animal communication, the key terminology, the remarkable communicative systems that several animal species possess, and the key similarities and differences between human and non-human animals’ communications.","COGS 14A"
"COGS","143","COGS-143","Animal Cognition","Examines the contrasts and parallels between primates and cetaceans in sensorimotor constraints, neuroanatomy, field behavior, and cognition in the lab, with a focus on the demands of competition and cooperation that helped shape the evolution of social cognition. Students may not receive credit for COGS 143 and COGS 143GS.","none"
"COGS","144","COGS-144","Social Cognition: A Developmental and Evolutionary Perspective","This course presents the building blocks of social cognition from a developmental and evolutionary perspective and focuses on how and when children develop these abilities and how humans compare to other species such as great apes, birds, and dogs.","COGS 14A, COGS 14B"
"COGS","150","COGS-150","Large Language Models and Cognitive Science","This course will approach the topic of large language models (LLMs) from a cognitive science perspective. Topics covered include the history of AI and cognitive science; basic mechanics of LLMs; the emerging field of “LLM-ology”; philosophy of mind; how LLMs can help inform research on human cognition; the role of sensorimotor grounding in cognition and the development of multimodal LLMs; and the impacts of LLMs on human culture and society more broadly. Recommended preparation: basic programming experience, some exposure to topics in machine learning, and introductory concepts in language.","COGS 14A, (COGS 14B or MATH 11 or PSYC 60)"
"COGS","151","COGS-151","Analogy and Conceptual Systems","Human thought and meaning are deeply tied to the capacity for mapping conceptual domains onto each other, inducing common schemas and performing mental simulation. This course examines major aspects of this cognitive activity including metaphor, conceptual blending, and embodied cognition.","none"
"COGS","152","COGS-152","Cognitive Foundations of Mathematics","How the human mind/brain creates mathematics: embodiment, innovation, and creativity. The emergence and power of abstract concepts, such as infinity, infinitesimals, imaginary numbers, or zero. Cognitive approaches that connect mathematics to human thought in general.","CHEM 96 or COGS 1 or MATH 95 or PHIL 1 or PSYC 1 or EDS 20S or EDS 30 or EDS 31"
"COGS","153","COGS-153","Language Comprehension","The processes and representations involved in understanding language—processing words, syntax, semantics, and discourse—are examined in light of evidence from both psychological experiments and computer simulations.","none"
"COGS","154","COGS-154","Communication Disorders in Children and Adults","Neural bases of language use in normal adults, and neural bases of language and communication development in normal children. Evidence on the language and communication deficits in adults (especially aphasia and dementia) and children (specific language impairment, focal brain injury, retardation, and autism).","none"
"COGS","155","COGS-155","Gesture and Cognition","Spontaneous gestures and their relationship to speech, cognition, brain, and culture. The course covers, among others, gesture and language development, gesture and conceptual systems, speech-gesture coproduction and its brain bases, evolution of language, and gestural behavior in special populations.","none"
"COGS","156","COGS-156","Language Development","A comprehensive survey of theory, method and research findings on language development in children ranging from the earliest stages of speech perception and communication at birth to refinements in narrative discourse and conventional fluency through middle childhood and adolescence.","none"
"COGS","157","COGS-157","Music and the Mind","Explores how humans (and other species) process music, including pitch, meter, emotion, motor aspects, links to language, brain activity. Students should have experience reading musical notation.","COGS 101A or COGS 101B or COGS 101C"
"COGS","158","COGS-158","Bilingual Minds and Brains","This course will bring together recent discoveries about bilingualism and its influences on the brain, mind, and behavior.","none"
"COGS","160","COGS-160","Upper-Division Seminar on Special Topics","Special topics in cognitive science are discussed. (May be repeated when topics vary.)","none"
"COGS","163","COGS-163","Metabolic Disorders of the Brain","Research is showing that cellular metabolic processes are mediating normal and abnormal brain function. For example, neurocognitive disorders often co-occur with metabolic disturbances, such as insulin resistance, diabetes, and obesity. An understanding of these mechanisms will provide insight to new treatments for cognitive and neurological disorders. The course will cover topics on the role of abnormal cellular structure, genetic, epigenetic and pathogenic influences on synaptic signaling.","none"
"COGS","164","COGS-164","Neurobiology of Motivation","This course will address principles of motivation, valuation, and reward, spanning a large territory of topics, from rules of synaptic learning to classroom learning. Recommended preparation: courses in basic biology, physiology, COGS 107A or 107B or 107C, or courses in education.","none"
"COGS","165","COGS-165","Neuroimaging of Cognition","Introduction to functional magnetic resonance imaging (fMRI) methods for cognitive neuroscience research. This course will cover basic aspects of the physics and biological principles underlying MRI and fMRI, technical aspects of experimental design and data collection for fMRI, as well as basic data processing and analysis approaches.","COGS 107B or COGS 107C or PSYC 106 or PSYC 108"
"COGS","169","COGS-169","Genetic Information for Behavior: From Single Cells to Mammals","Behavior draws on a wide range of genes acting as a complex source of information. Model organisms—bacteria, Paramecium, C. elegans, Drosophila, and mice—have provided insight into how genes influence both innate and learned behaviors.","COGS 1, COGS 107A"
"COGS","170","COGS-170","Brain Waves across Scales","This course will provide an interactive and hands-on introduction to rhythms and large-scale electrical potentials of the brain. Topics will include the resonance properties of neurons, rhythmic interactions between neurons, the coordination of activity across large populations of neurons that is measurable in the local field potential (LFP) and electroencephalogram (EEG), the advantages of temporally coordinated neural activity, and relevant insights about the brain and cognitive disorders.","COGS 17 or BILD 12"
"COGS","171","COGS-171","Mirror Neuron System","This class will examine the neuroanatomy, physiology, and functional correlates of the human mirror neuron system and its putative role in social cognition, e.g., action understanding, empathy, and theory of mind. We will examine the developmental, neuroimaging, electrophysiological, as well as clinical evidence, for and against this hypothesis.","none"
"COGS","172","COGS-172","Brain Disorders and Cognition","A review of the patterns of impaired and intact cognitive abilities present in brain-damaged patients in terms of damage to one or more components of a model of normal cognitive functioning.","COGS 107A"
"COGS","174","COGS-174","Drugs: Brain, Mind, and Culture","This course explores how drugs interact with the brain/mind and culture. It covers evolutionary and historical perspectives, brain chemistry, pharmacology, expectancies and placebo effects, and models of addiction. It also provides a biopsychosocial survey of commonly used and abused substances.","none"
"COGS","175","COGS-175","The Neuropsychological Basis of Alternate States of Consciousness","This course will review the literature that correlates brain rhythms in the human EEG with aspects of cognition, behavioral states, neuropsycho-pharmacology, and psychopathology in order to understand the psychological and neurophysiological underpinnings of these experiences.","COGS 101A or COGS 107A"
"COGS","176","COGS-176","From Sleep to Attention","This course will combine an examination of the neural character of quiet and active sleep states and their potential functions with an examination of the different mechanisms by which the brain mediates attention to specific features of the world.","COGS 107A"
"COGS","177","COGS-177","Space and Time in the Brain","The course examines features of neural dynamics that map spatial and temporal relationships. Lectures will cover interval timing, mapping of item-to-observer position, mapping of observer-to-world position, and the conjunction of spatial and temporal coding in hippocampus.","none"
"COGS","178","COGS-178","Genes, Brains, and Behavior","Evidence for genetic mediation of behavioral and neural differences, mechanisms that may mediate these effects, and the roles of the environment and experience are discussed.","COGS 107A, COGS 107B"
"COGS","179","COGS-179","Electrophysiology of Cognition","Survey the theory and practice of using electrical recordings (event-related brain potentials) to study cognition and behavior including attention, language, mental chronometry, memory, and plasticity.","COGS 107A or COGS 17 or BILD 12"
"COGS","180","COGS-180","Decision-Making","This interdisciplinary course aims to unravel the complexities behind human decision-making by integrating insights from psychology, economics, neuroscience, psychiatry, design, and machine learning. We will explore everything from the cognitive biases and heuristics that shape our everyday decisions, to how decision-making is impaired in various psychiatric disorders. We will also discuss why it’s so hard to make rational decisions, and how we can use AI to improve our decision-making.","(BILD 12 or COGS 17), (BILD 62 or COGS 18 or CSE 6R or CSE 8A), COGS 14A"
"COGS","181","COGS-181","Neural Networks and Deep Learning","This course will cover the basics about neural networks, as well as recent developments in deep learning including deep belief nets, convolutional neural networks, recurrent neural networks, long-short term memory, and reinforcement learning. We will study details of the deep learning architectures with a focus on learning end-to-end models for these tasks, particularly image classification. Students may receive credit for one of the following: COGS 181, CSE 151B, or CSE 154.","(COGS 18 or CSE 11 or CSE 8B), (MATH 18 or MATH 31AH), MATH 20E, MATH 180A, (COGS 118A or COGS 118B or CSE 150 or CSE 151A or CSE 158 or ECE 174 or ECE 175A)"
"COGS","182","COGS-182","Introduction to Reinforcement Learning","This course is an introduction to reinforcement learning, the subfield of machine learning concerned with how artificial agents learn to act in the world in order to maximize reward. Topics include MDPs, policy iteration, TD learning, Q-learning, function approximation, and deep RL.","(COGS 18 or CSE 11 or CSE 8B), (MATH 18 or MATH 31AH), MATH 180A, (COGS 108 or COGS 109 or COGS 118B or CSE 150A or CSE 150B or CSE 151A or CSE 151B or CSE 158 or ECE 174 or ECE 175A)"
"COGS","183","COGS-183","Generative AI","The course will teach students about the principles of generative AI, both theory and practice. Students gain hands-on experience with some of the popular generative AI tools such as text-to-image, large language models (LLMs), and generative pre-trained transformers (GPTs), e.g., ChatGPT.","COGS 118A or COGS 118B or COGS 109"
"COGS","184","COGS-184","Modeling the Evolution of Cognition","This interdisciplinary course integrates data on evolutionary theory, hominid prehistory, primate behavior, comparative neuroanatomy, cognitive development, and collaboration. After lectures, readings, and discussion of the literature, students generate a detailed timeline of five million years of human cognitive evolution. Students may not receive credit for COGS 184 and COGS 184GS.","COGS 17 or COGS 107A or COGS 107B or COGS 107C or BILD 12"
"COGS","185","COGS-185","Advanced Machine Learning Methods","This course is an advanced seminar and project course that follows the introduction to machine learning courses. Advanced and new machine learning methods will be discussed and used.","COGS 118A"
"COGS","186","COGS-186","Genetic Algorithms","This course will teach in detail some of the key biology-inspired AI algorithms. It will cover genetic algorithms (GA), particle swarm optimization algorithms (PSO), and other optimization algorithms like simulated annealing and gradient descent.","COGS 108 or COGS 109"
"COGS","187A","COGS-187A","Usability and Information Architecture","Examines the cognitive basis of successful web and multimedia design. Topics: information architecture, navigation, usability, graphic layout, transaction design, and how to understand user interaction.","(COGS 18 or CSE 11 or CSE 8A), (COGS 10 or DSGN 1)"
"COGS","187B","COGS-187B","Practicum in Professional Web Design","This course follows up on the basics of multimedia design taught in COGS 187A. Students will probe more deeply into selective topics, such as animation, navigation, graphical display of information, and narrative coherence.","COGS 187A"
"COGS","188","COGS-188","Artificial Intelligence Algorithms","This class will cover a broad spectrum of machine learning algorithms. It builds on students’ previous exposure to machine learning. It covers new artificial intelligence algorithms ranging from topic models as used in the text data analysis to genetic algorithms. Students will not receive credit for both COGS 188 and CSE 151A.","COGS 109 or COGS 118A or COGS 118B"
"COGS","189","COGS-189","Brain Computer Interfaces","This course will discuss signal processing, pattern recognition algorithms, and human-computer interaction issues in EEG-based brain-computer interfaces. Other types of brain-computer interfaces will also be discussed.","COGS 108 or COGS 109 or COGS 118A or COGS 118B"
"COGS","190A","COGS-190A","Pre-Honors Project in Cognitive Science","This course prepares students for the Cognitive Science Honors Program. The aim is to refine the research project and to teach students what a successfully written proposal entails. Students may be admitted to the Honors Program contingent upon completion and progress in the course. See “Cognitive Science Honors Program” section for more information. Course should be taken for a letter grade.","none"
"COGS","190B","COGS-190B","Honors Studies in Cognitive Science","This course will allow cognitive science honors students to explore advanced issues in the field of cognitive science research. It will also provide the opportunity to develop a thesis on the topic of their choice and begin work under faculty supervision. See “Cognitive Science Honors Program” section for more information.","COGS 190A"
"COGS","190C","COGS-190C","Honors Thesis in Cognitive Science","This course will provide honors candidates an opportunity to complete the research on and preparation of an honors thesis under close faculty supervision. Oral presentation of student’s thesis is required to receive honors; additionally, student must receive grade of A– or better in 190B and 190C to receive honors. See “Cognitive Science Honors Program” section for more information.","COGS 190B"
"COGS","190D","COGS-190D","Preparation for Thesis Presentation","This course is affiliated with the honors program (190A-B-C) and is required of honors students during spring quarter. Its aim is to prepare students to present research results to an audience. Emphasis will be on the oral presentation (organization, wording, graphics), but there will also be some discussion about written research reports. Seminar style format with occasional short lectures wherein students will practice oral presentations and provide constructive criticism to each other.","COGS 190A, COGS 190B, COGS 198"
"COGS","193","COGS-193","Cognitive Science Career Seminar","This course emphasizes career readiness, with a focus on practical training in professional skills, networking, and career development. Students will be able to engage with professionals in many domains to learn how their educational breadth provides them with career advantages.","none"
"COGS","195P","COGS-195P","Pedagogy and Learning Apprenticeship","Under the supervision of an instructor, undergraduate students gain teaching experience through practical experiences in course management and effective teaching methods. P/NP grades only. May be taken for credit two times.","none"
"COGS","197","COGS-197","Cognitive Science Internship","The student will undertake a program of practical research in a supervised work environment. Topics to be researched may vary, but in each case the course will provide skills for carrying out these studies. P/NP grades only. May be taken for credit up to three times.","none"
"COGS","198","COGS-198","Directed Group Study","This independent study course is for small groups of advanced students who wish to complete a one-quarter reading or research project under the mentorship of a faculty member. Students should contact faculty whose research interests them to discuss possible projects. P/NP grades only. May be taken for credit three times.","none"
"MATH","2","MATH-2","Introduction to College Mathematics","A highly adaptive course designed to build on students’ strengths while increasing overall mathematical understanding and skill. This multi-modality course will focus on several topics of study designed to develop conceptual understanding and mathematical relevance: linear relationships; exponents and polynomials; rational expressions and equations; models of quadratic and polynomial functions and radical equations; exponential and logarithmic functions; and geometry and trigonometry. Workload credit only—not for baccalaureate credit. Must be taken for P/NP grading. May be repeated nine times for credit.","none"
"MATH","3B","MATH-3B","Foundations of Precalculus","Introduction to functions and their properties. Polynomial and rational functions. Exponential and logarithmic functions. Trigonometric functions and their properties.","none"
"MATH","3C","MATH-3C","Precalculus","Functions and their graphs. Linear and polynomial functions, zeroes, inverse functions, exponential and logarithmic, trigonometric functions and their inverses. Emphasis on understanding algebraic, numerical, and graphical. (No credit given if taken after MATH 4C, 10A, or 20A.)","MATH 3B"
"MATH","4C","MATH-4C","Precalculus for Science and Engineering","Review of polynomials. Graphing functions and relations: graphing rational functions, effects of linear changes of coordinates. Circular functions and right triangle trigonometry. Reinforcement of function concept: exponential, logarithmic, and trigonometric functions. Vectors. Conic sections. Polar coordinates. (No credit given if taken after MATH 1A/10A or 2A/20A. Two units of credit given if taken after MATH 3C.) Three or more years of high school mathematics or equivalent recommended.","MATH 3C"
"MATH","10A","MATH-10A","Calculus I","Differential calculus of functions of one variable, with applications. Functions, graphs, continuity, limits, derivatives, tangent lines, optimization problems. (No credit given if taken after or concurrent with MATH 20A.)","MATH 3C or MATH 4C"
"MATH","10B","MATH-10B","Calculus II","Integral calculus of functions of one variable, with applications. Antiderivatives, definite integrals, the Fundamental Theorem of Calculus, methods of integration, areas and volumes, separable differential equations. (No credit given if taken after or concurrent with MATH 20B.)","MATH 10A or MATH 20A"
"MATH","10C","MATH-10C","Calculus III","Introduction to functions of more than one variable. Vector geometry, partial derivatives, velocity and acceleration vectors, optimization problems. (No credit given if taken after or concurrent with 20C.)","MATH 10B or MATH 20B"
"MATH","11","MATH-11","Calculus-Based Introductory Probability and Statistics","Events and probabilities, conditional probability, Bayes’ formula. Discrete and continuous random variables: mean, variance; binomial, Poisson distributions, normal, uniform, exponential distributions, central limit theorem. Sample statistics, confidence intervals, hypothesis testing, regression. Applications. Introduction to software for probabilistic and statistical analysis. Emphasis on connections between probability and statistics, numerical results of real data, and techniques of data analysis.","MATH 10B or MATH 20B"
"MATH","18","MATH-18","Linear Algebra","Matrix algebra, Gaussian elimination, determinants. Linear and affine subspaces, bases of Euclidean spaces. Eigenvalues and eigenvectors, quadratic forms, orthogonal matrices, diagonalization of symmetric matrices. Applications. Computing symbolic and graphical solutions using MATLAB. Students may not receive credit for both MATH 18 and 31AH.","MATH 4C or MATH 10A or MATH 20A"
"MATH","20A","MATH-20A","Calculus for Science and Engineering","Foundations of differential and integral calculus of one variable. Functions, graphs, continuity, limits, derivative, tangent line. Applications with algebraic, exponential, logarithmic, and trigonometric functions. Introduction to the integral. (Two credits given if taken after MATH 10A and no credit given if taken after MATH 10B or MATH 10C.)","MATH 4C or MATH 10A"
"MATH","20B","MATH-20B","Calculus for Science and Engineering","Integral calculus of one variable and its applications, with exponential, logarithmic, hyperbolic, and trigonometric functions. Methods of integration. Infinite series. Polar coordinates in the plane and complex exponentials. (Two units of credits given if taken after MATH 1B/10B or MATH 1C/10C.)","MATH 20A or MATH 10B or MATH 10C"
"MATH","20C","MATH-20C","Calculus and Analytic Geometry for Science and Engineering","Vector geometry, vector functions and their derivatives. Partial differentiation. Maxima and minima. Double integration. (Two units of credit given if taken after MATH 10C. Credit not offered for both MATH 20C and 31BH. Formerly numbered MATH 21C.)","MATH 20B"
"MATH","20D","MATH-20D","Introduction to Differential Equations","Ordinary differential equations: exact, separable, and linear; constant coefficients, undetermined coefficients, variations of parameters. Systems. Series solutions. Laplace transforms. Techniques for engineering sciences. Computing symbolic and graphical solutions using MATLAB.","(MATH 20C or MATH 31BH), (MATH 18 or MATH 31AH)"
"MATH","20E","MATH-20E","Vector Calculus","Change of variable in multiple integrals, Jacobian, Line integrals, Green’s theorem. Vector fields, gradient fields, divergence, curl. Spherical/cylindrical coordinates. Taylor series in several variables. Surface integrals, Stoke’s theorem. Gauss’ theorem. Conservative fields.","(MATH 18 or MATH 20F or MATH 31AH), (MATH 20C or MATH 21C or MATH 31BH)"
"MATH","31AH","MATH-31AH","Honors Linear Algebra","First quarter of a very rigorous three-quarter honors integrated linear algebra/multivariable calculus sequence for extremely well-prepared students. Topics include real/complex number systems, vector spaces, linear transformations, bases and dimension, change of basis, eigenvalues, eigenvectors, diagonalization. (Credit not offered for both MATH 31AH and 18.)","MATH 20A, MATH 20B"
"MATH","31BH","MATH-31BH","Honors Multivariable Calculus","Second quarter of three-quarter honors integrated linear algebra/multivariable calculus sequence for well-prepared students. Topics include derivative in several variables, Jacobian matrices, extrema and constrained extrema, integration in several variables. (Credit not offered for both MATH 31BH and 20C.)","MATH 31AH"
"MATH","31CH","MATH-31CH","Honors Vector Calculus","Third quarter of honors integrated linear algebra/multivariable calculus sequence for well-prepared students. Topics include change of variables formula, integration of differential forms, exterior derivative, generalized Stoke’s theorem, conservative vector fields, potentials.","MATH 31BH"
"MATH","87","MATH-87","First-year Student Seminar","The First-year Student Seminar Program is designed to provide new students with the opportunity to explore an intellectual topic with a faculty member in a small seminar setting. First-year student seminars are offered in all campus departments and undergraduate colleges, and topics vary from quarter to quarter. Enrollment is limited to fifteen to twenty students, with preference given to entering first-year students.","none"
"MATH","88","MATH-88","Learning Sustainable Well-Being: Compassion for Self and Others, a Mathematician’s Perspective","This experiential course teaches the art of practicing psychological well-being, based on Eastern and Western approaches (e.g., mindfulness, positive psychology, cognitive therapy, neuroscience, theatre and art), from the perspective of a mathematician. Each week, there is a short lecture on a given topic, combined with workshop-style exercises. Open to all undergraduate students.","none"
"MATH","95","MATH-95","Introduction to Teaching Math","Revisit students’ learning difficulties in mathematics in more depth to prepare students to make meaningful observations of how K–12 teachers deal with these difficulties. Explore how instruction can use students’ knowledge to pose problems that stimulate students’ intellectual curiosity.","none"
"MATH","96","MATH-96","Putnam Seminar","Students will develop skills in analytical thinking as they solve and present solutions to challenging mathematical problems in preparation for the William Lowell Putnam Mathematics Competition, a national undergraduate mathematics examination held each year. Students must sit for at least one half of the Putnam exam (given the first Saturday in December) to receive a passing grade. P/NP grades only. May be repeated for credit up to four times.","MATH 20A"
"MATH","99R","MATH-99R","Independent Study","Independent study or research under direction of a member of the faculty.","none"
"MATH","100A","MATH-100A","Abstract Algebra I","First course in a rigorous three-quarter introduction to the methods and basic structures of higher algebra. Topics include groups, subgroups and factor groups, homomorphisms, rings, fields. (Students may not receive credit for both MATH 100A and MATH 103A.)","MATH 31CH or MATH 109"
"MATH","100B","MATH-100B","Abstract Algebra II","Second course in a rigorous three-quarter introduction to the methods and basic structures of higher algebra. Topics include rings (especially polynomial rings) and ideals, unique factorization, fields; linear algebra from perspective of linear transformations on vector spaces, including inner product spaces, determinants, diagonalization. (Students may not receive credit for both MATH 100B and MATH 103B.)","MATH 100A"
"MATH","100C","MATH-100C","Abstract Algebra III","Third course in a rigorous three-quarter introduction to the methods and basic structures of higher algebra. Topics include linear transformations, including Jordan canonical form and rational canonical form; Galois theory, including the insolvability of the quintic.","MATH 100B"
"MATH","102","MATH-102","Applied Linear Algebra","Second course in linear algebra from a computational yet geometric point of view. Elementary Hermitian matrices, Schur’s theorem, normal matrices, and quadratic forms. Moore-Penrose generalized inverse and least square problems. Vector and matrix norms. Characteristic and singular values. Canonical forms. Determinants and multilinear algebra.","(MATH 18 or MATH 20F or MATH 31AH), MATH 20C"
"MATH","103A","MATH-103A","Modern Algebra I","First course in a two-quarter introduction to abstract algebra with some applications. Emphasis on group theory. Topics include definitions and basic properties of groups, properties of isomorphisms, subgroups. (Students may not receive credit for both MATH 100A and MATH 103A.)","MATH 31CH or MATH 109"
"MATH","103B","MATH-103B","Modern Algebra II","Second course in a two-quarter introduction to abstract algebra with some applications. Emphasis on rings and fields. Topics include definitions and basic properties of rings, fields, and ideals, homomorphisms, irreducibility of polynomials. (Students may not receive credit for both MATH 100B and MATH 103B.)","MATH 103A or MATH 100A"
"MATH","104A","MATH-104A","Number Theory I","Elementary number theory with applications. Topics include unique factorization, irrational numbers, residue systems, congruences, primitive roots, reciprocity laws, quadratic forms, arithmetic functions, partitions, Diophantine equations, distribution of primes. Applications include fast Fourier transform, signal processing, codes, cryptography.","MATH 100B or MATH 103B"
"MATH","104B","MATH-104B","Number Theory II","Topics in number theory such as finite fields, continued fractions, Diophantine equations, character sums, zeta and theta functions, prime number theorem, algebraic integers, quadratic and cyclotomic fields, prime ideal theory, class number, quadratic forms, units, Diophantine approximation, p-adic numbers, elliptic curves.","MATH 104A"
"MATH","105","MATH-105","Basic Number Theory","The course will cover the basic arithmetic properties of the integers, with applications to Diophantine equations and elementary Diophantine approximation theory.","MATH 31CH or MATH 109"
"MATH","106","MATH-106","Introduction to Algebraic Geometry","Plane curves, Bezout’s theorem, singularities of plane curves. Affine and projective spaces, affine and projective varieties. Examples of all the above. Instructor may choose to include some commutative algebra or some computational examples.","MATH 100B or MATH 103B"
"MATH","109","MATH-109","Mathematical Reasoning","This course uses a variety of topics in mathematics to introduce the students to rigorous mathematical proof, emphasizing quantifiers, induction, negation, proof by contradiction, naive set theory, equivalence relations and epsilon-delta proofs. Required of all departmental majors.","(MATH 18 or MATH 20F or MATH 31AH), MATH 20C"
"MATH","110","MATH-110","Introduction to Partial Differential Equations","An introduction to partial differential equations focusing on equations in two variables. Topics include the heat and wave equation on an interval, Laplace’s equation on rectangular and circular domains, separation of variables, boundary conditions and eigenfunctions, introduction to Fourier series, software methods for solving equations. Formerly MATH 110A. (Students may not receive credit for MATH 110 and MATH 110A.)","(MATH 18 or MATH 20F or MATH 31AH), MATH 20D, (MATH 20E or MATH 31CH)"
"MATH","111A","MATH-111A","Mathematical Modeling I","An introduction to mathematical modeling in the physical and social sciences. Topics vary, but have included mathematical models for epidemics, chemical reactions, political organizations, magnets, economic mobility, and geographical distributions of species. May be taken for credit two times when topics change.","MATH 20D, (MATH 18 or MATH 20F or MATH 31AH), (MATH 109 or MATH 31CH)"
"MATH","111B","MATH-111B","Mathematical Modeling II","Continued study on mathematical modeling in the physical and social sciences, using advanced techniques that will expand upon the topics selected and further the mathematical theory presented in MATH 111A.","MATH 111A"
"MATH","112A","MATH-112A","Introduction to Mathematical Biology I","Part one of a two-course introduction to the use of mathematical theory and techniques in analyzing biological problems. Topics include differential equations, dynamical systems, and probability theory applied to a selection of biological problems from population dynamics, biochemical reactions, biological oscillators, gene regulation, molecular interactions, and cellular function. May be coscheduled with MATH 212A. Recommended preparation: MATH 130 and MATH 180A.","(MATH 11 or MATH 180A or MATH 183 or MATH 186), (MATH 18 or MATH 31AH), MATH 20D, BILD 1"
"MATH","112B","MATH-112B","Introduction to Mathematical Biology II","Part two of an introduction to the use of mathematical theory and techniques in analyzing biological problems. Topics include partial differential equations and stochastic processes applied to a selection of biological problems, especially those involving spatial movement, such as molecular diffusion, bacterial chemotaxis, tumor growth, and biological patterns. May be coscheduled with MATH 212B. Recommended preparation: MATH 180B.","MATH 112A, MATH 110, MATH 180A"
"MATH","114","MATH-114","Introduction to Computational Stochastics","Topics include random number generators, variance reduction, Monte Carlo (including Markov Chain Monte Carlo) simulation, and numerical methods for stochastic differential equations. Methods will be illustrated on applications in biology, physics, and finance. May be coscheduled with MATH 214. Recommended preparation: CSE 5A, CSE 8A, CSE 11, or ECE 15. Students should complete a computer programming course before enrolling in MATH 114.","MATH 180A"
"MATH","120A","MATH-120A","Elements of Complex Analysis","Complex numbers and functions. Analytic functions, harmonic functions, elementary conformal mappings. Complex integration. Power series. Cauchy’s theorem. Cauchy’s formula. Residue theorem.","MATH 20E or MATH 31CH"
"MATH","120B","MATH-120B","Applied Complex Analysis","Applications of the residue theorem. Conformal mapping and applications to potential theory, flows, and temperature distributions. Fourier transformations. Laplace transformations, and applications to integral and differential equations. Selected topics such as Poisson’s formula, Dirichlet’s problem, Neumann’s problem, or special functions.","MATH 120A"
"MATH","121A","MATH-121A","Foundations of Teaching and Learning Mathematics I","Develop teachers’ knowledge base (knowledge of mathematics content, pedagogy, and student learning) in the context of advanced mathematics. This course builds on the previous courses where these components of knowledge were addressed exclusively in the context of high-school mathematics.","(EDS 30 or MATH 95), (MATH 31CH or MATH 109)"
"MATH","121B","MATH-121B","Foundations of Teaching and Learning Math II","Examine how learning theories can consolidate observations about conceptual development with the individual student as well as the development of knowledge in the history of mathematics. Examine how teaching theories explain the effect of teaching approaches addressed in the previous courses.","MATH 121A"
"MATH","130","MATH-130","Differential Equations and Dynamical Systems","An introduction to ordinary differential equations from the dynamical systems perspective. Topics include flows on lines and circles, two-dimensional linear systems and phase portraits, nonlinear planar systems, index theory, limit cycles, bifurcation theory, applications to biology, physics, and electrical engineering. Formerly MATH 130A. (Students may not receive credit for MATH 130 and MATH 130A.)","(MATH 18 or MATH 20F or MATH 31AH), MATH 20D"
"MATH","140A","MATH-140A","Foundations of Real Analysis I","First course in a rigorous three-quarter sequence on real analysis. Topics include the real number system, basic topology, numerical sequences and series, continuity. (Students may not receive credit for both MATH 140A and MATH 142A.)","MATH 31CH or MATH 109"
"MATH","140B","MATH-140B","Foundations of Real Analysis II","Second course in a rigorous three-quarter sequence on real analysis. Topics include differentiation, the Riemann-Stieltjes integral, sequences and series of functions, power series, Fourier series, and special functions. (Students may not receive credit for both MATH 140B and MATH 142B.)","MATH 140A"
"MATH","140C","MATH-140C","Foundations of Real Analysis III","Third course in a rigorous three-quarter sequence on real analysis. Topics include differentiation of functions of several real variables, the implicit and inverse function theorems, the Lebesgue integral, infinite-dimensional normed spaces.","MATH 140B"
"MATH","142A","MATH-142A","Introduction to Analysis I","First course in an introductory two-quarter sequence on analysis. Topics include the real number system, numerical sequences and series, infinite limits, limits of functions, continuity, differentiation. Students may not receive credit for MATH 142A if taken after or concurrently with MATH 140A.","MATH 31CH or MATH 109"
"MATH","142B","MATH-142B","Introduction to Analysis II","Second course in an introductory two-quarter sequence on analysis. Topics include the Riemann integral, sequences and series of functions, uniform convergence, Taylor series, introduction to analysis in several variables. Students may not receive credit for MATH 142B if taken after or concurrently with MATH 140B.","MATH 142A or MATH 140A"
"MATH","144","MATH-144","Introduction to Fourier Analysis","Rigorous introduction to the theory of Fourier series and Fourier transforms. Topics include basic properties of Fourier series, mean square and pointwise convergence, Hilbert spaces, applications of Fourier series, the Fourier transform on the real line, inversion formula, Plancherel formula, Poisson summation formula, Heisenberg uncertainty principle, applications of the Fourier transform.","MATH 140B or MATH 142B"
"MATH","146","MATH-146","Analysis of Ordinary Differential Equations","A rigorous introduction to systems of ordinary differential equations. Topics include linear systems, matrix diagonalization and canonical forms, matrix exponentials, nonlinear systems, existence and uniqueness of solutions, linearization, and stability.","MATH 140B or MATH 142B"
"MATH","148","MATH-148","Analysis of Partial Differential Equations","A rigorous introduction to partial differential equations. Topics include initial and boundary value problems; first order linear and quasilinear equations, method of characteristics; wave and heat equations on the line, half-line, and in space; separation of variables for heat and wave equations on an interval and for Laplace’s equation on rectangles and discs; eigenfunctions of the Laplacian and heat, wave, Poisson’s equations on bounded domains; and Green’s functions and distributions.","MATH 140B or MATH 142B"
"MATH","150A","MATH-150A","Differential Geometry","Differential geometry of curves and surfaces. Gauss and mean curvatures, geodesics, parallel displacement, Gauss-Bonnet theorem.","(MATH 20E or MATH 31CH), (MATH 18 or MATH 20F or MATH 31AH)"
"MATH","150B","MATH-150B","Calculus on Manifolds","Calculus of functions of several variables, inverse function theorem. Further topics may include exterior differential forms, Stokes’ theorem, manifolds, Sard’s theorem, elements of differential topology, singularities of maps, catastrophes, further topics in differential geometry, topics in geometry of physics.","MATH 150A"
"MATH","152","MATH-152","Applicable Mathematics and Computing","This course will give students experience in applying theory to real world applications such as internet and wireless communication problems. The course will incorporate talks by experts from industry and students will be helped to carry out independent projects. Topics include graph visualization, labelling, and embeddings, random graphs and randomized algorithms. May be taken for credit three times.","MATH 20D, (MATH 18 or MATH 20F or MATH 31AH)"
"MATH","153","MATH-153","Geometry for Secondary Teachers","Two- and three-dimensional Euclidean geometry is developed from one set of axioms. Pedagogical issues will emerge from the mathematics and be addressed using current research in teaching and learning geometry. This course is designed for prospective secondary school mathematics teachers.","MATH 109 or MATH 31CH"
"MATH","154","MATH-154","Discrete Mathematics and Graph Theory","Basic concepts in graph theory, including trees, walks, paths, and connectivity, cycles, matching theory, vertex and edge-coloring, planar graphs, flows and combinatorial algorithms, covering Hall’s theorems, the max-flow min-cut theorem, Euler’s formula, and the travelling salesman problem. Credit not offered for MATH 154 if MATH 158 is previously taken. If MATH 154 and MATH 158 are concurrently taken, credit is only offered for MATH 158.","MATH 31CH or MATH 109"
"MATH","155A","MATH-155A","Geometric Computer Graphics","Bezier curves and control lines, de Casteljau construction for subdivision, elevation of degree, control points of Hermite curves, barycentric coordinates, rational curves. Programming knowledge recommended. (Students may not receive credit for both MATH 155A and CSE 167 or CSE 167R.)","(MATH 18 or MATH 20F or MATH 31AH), MATH 20C"
"MATH","155B","MATH-155B","Topics in Computer Graphics","Spline curves, NURBS, knot insertion, spline interpolation, illumination models, radiosity, and ray tracing.","MATH 155A"
"MATH","157","MATH-157","Introduction to Mathematical Software","This course provides a hands-on introduction to the use of a variety of open-source mathematical software packages, as applied to a diverse range of topics within pure and applied mathematics. Most of these packages are built on the Python programming language, but experience with another common programming language is acceptable. All software will be accessed using the CoCalc web platform (http://cocalc.com), which provides a uniform interface through any web browser. Students will need to bring a laptop or tablet to lectures in order to participate in interactive presentations. Students should have exposure to one of the following programming languages: C, C++, Java, Python, R.","(MATH 18 or MATH 20F or MATH 31AH), (BILD 62 or COGS 18 or CSE 5A or CSE 6R or CSE 8A or CSE 11 or DSC 10 or ECE 15 or ECE 143 or MATH 189)"
"MATH","158","MATH-158","Extremal Combinatorics and Graph Theory","Extremal combinatorics is the study of how large or small a finite set can be under combinatorial restrictions. We will give an introduction to graph theory, connectivity, coloring, factors, and matchings, extremal graph theory, Ramsey theory, extremal set theory, and an introduction to probabilistic combinatorics. Topics include Turan’s theorem, Ramsey’s theorem, Dilworth’s theorem, and Sperner’s theorem. Credit not offered for MATH 158 if MATH 154 was previously taken. If MATH 154 and MATH 158 are concurrently taken, credit is only offered for MATH 158. A strong performance in MATH 109 or MATH 31CH is recommended.","MATH 31CH or MATH 109"
"MATH","160A","MATH-160A","Elementary Mathematical Logic I","An introduction to recursion theory, set theory, proof theory, model theory. Turing machines. Undecidability of arithmetic and predicate logic. Proof by induction and definition by recursion. Cardinal and ordinal numbers. Completeness and compactness theorems for propositional and predicate calculi.","MATH 100A or MATH 103A or MATH 140A"
"MATH","160B","MATH-160B","Elementary Mathematical Logic II","A continuation of recursion theory, set theory, proof theory, model theory. Turing machines. Undecidability of arithmetic and predicate logic. Proof by induction and definition by recursion. Cardinal and ordinal numbers. Completeness and compactness theorems for propositional and predicate calculi.","MATH 160A"
"MATH","163","MATH-163","History of Mathematics","Topics will vary from year to year in areas of mathematics and their development. Topics may include the evolution of mathematics from the Babylonian period to the eighteenth century using original sources, a history of the foundations of mathematics and the development of modern mathematics.","MATH 20B"
"MATH","168A","MATH-168A","Topics in Applied Mathematics—Computer Science","Topics to be chosen in areas of applied mathematics and mathematical aspects of computer science. May be taken for credit two times with different topics.","(MATH 18 or MATH 20F or MATH 31AH), MATH 20C"
"MATH","170A","MATH-170A","Introduction to Numerical Analysis: Linear Algebra","This course covers analysis of numerical methods for linear algebraic systems and least squares problems. Topics include orthogonalization methods. Ill conditioned problems. Eigenvalue and singular value computations. Knowledge of programming recommended.","(MATH 18 or MATH 31AH), (MATH 20C or MATH 31BH), (CSE 20 or MATH 15A or MATH 31CH or MATH 109)"
"MATH","170B","MATH-170B","Introduction to Numerical Analysis: Approximation and Nonlinear Equations","Rounding and discretization errors. Calculation of roots of polynomials and nonlinear equations. Interpolation. Approximation of functions. Knowledge of programming recommended.","MATH 170A"
"MATH","170C","MATH-170C","Introduction to Numerical Analysis: Ordinary Differential Equations","Numerical differentiation and integration. Ordinary differential equations and their numerical solution. Basic existence and stability theory. Difference equations. Boundary value problems.","(MATH 20D or MATH 21D), MATH 170B"
"MATH","171A","MATH-171A","Introduction to Numerical Optimization: Linear Programming","Linear optimization and applications. Linear programming, the simplex method, duality. Selected topics from integer programming, network flows, transportation problems, inventory problems, and other applications. Three lectures, one recitation. Knowledge of programming recommended. (Credit not allowed for both MATH 171A and ECON 172A.)","(MATH 18 or MATH 20F or MATH 31AH), MATH 20C"
"MATH","171B","MATH-171B","Introduction to Numerical Optimization: Nonlinear Programming","Convergence of sequences in Rn, multivariate Taylor series. Bisection and related methods for nonlinear equations in one variable. Newton’s methods for nonlinear equations in one and many variables. Unconstrained optimization and Newton’s method. Equality-constrained optimization, Kuhn-Tucker theorem. Inequality-constrained optimization. Three lectures, one recitation. Knowledge of programming recommended. (Credit not allowed for both MATH 171B and ECON 172B.)","(MATH 20C or MATH 31BH), MATH 171A"
"MATH","173A","MATH-173A","Optimization Methods for Data Science I","Introduction to convexity: convex sets, convex functions; geometry of hyperplanes; support functions for convex sets; hyperplanes and support vector machines. Linear and quadratic programming: optimality conditions; duality; primal and dual forms of linear support vector machines; active-set methods; interior methods. Students may not receive credit for both DSC 123A and MATH 173A.","(MATH 20C or MATH 31BH), (MATH 18 or MATH 31AH)"
"MATH","173B","MATH-173B","Optimization Methods for Data Science II","Unconstrained optimization: linear least squares; randomized linear least squares; method(s) of steepest descent; line-search methods; conjugate-gradient method; comparing the efficiency of methods; randomized/stochastic methods; nonlinear least squares; norm minimization methods. Convex constrained optimization: optimality conditions; convex programming; Lagrangian relaxation; the method of multipliers; the alternating direction method of multipliers; minimizing combinations of norms. Students may not receive credit for both DSC 123B and MATH 173B.","DSC 123A or MATH 173A"
"MATH","174","MATH-174","Numerical Methods for Physical Modeling","(Conjoined with MATH 274.) Floating point arithmetic, direct and iterative solution of linear equations, iterative solution of nonlinear equations, optimization, approximation theory, interpolation, quadrature, numerical methods for initial and boundary value problems in ordinary differential equations. (Students may not receive credit for both MATH 174 and PHYS 105, AMES 153 or 154. Students may not receive credit for MATH 174 if MATH 170A, B, or C has already been taken.) Graduate students will do an extra assignment/exam.","(MATH 20D or MATH 21D), (MATH 20F or MATH 31AH)"
"MATH","175","MATH-175","Numerical Methods for Partial Differential Equations","(Conjoined with MATH 275.) Mathematical background for working with partial differential equations. Survey of finite difference, finite element, and other numerical methods for the solution of elliptic, parabolic, and hyperbolic partial differential equations. (Formerly MATH 172. Students may not receive credit for MATH 175/275 and MATH 172.) Graduate students do an extra paper, project, or presentation, per instructor.","MATH 174 or MATH 274"
"MATH","179","MATH-179","Projects in Computational and Applied Mathematics","(Conjoined with MATH 279.) Mathematical models of physical systems arising in science and engineering, good models and well-posedness, numerical and other approximation techniques, solution algorithms for linear and nonlinear approximation problems, scientific visualizations, scientific software design and engineering, project-oriented. Graduate students will do an extra paper, project, or presentation per instructor.","MATH 174 or MATH 274"
"MATH","180A","MATH-180A","Introduction to Probability","Probability spaces, random variables, independence, conditional probability, distribution, expectation, variance, joint distributions, central limit theorem. (Two units of credit offered for MATH 180A if ECON 120A previously, no credit offered if ECON 120A concurrently. Two units of credit offered for MATH 180A if MATH 183 or 186 taken previously or concurrently.) Prior or concurrent enrollment in MATH 109 is highly recommended.","MATH 20C or MATH 31BH"
"MATH","180B","MATH-180B","Introduction to Stochastic Processes I","Random vectors, multivariate densities, covariance matrix, multivariate normal distribution. Random walk, Poisson process. Other topics if time permits.","MATH 20D, (MATH 18 or MATH 20F or MATH 31AH), (MATH 109 or MATH 31CH), MATH 180A"
"MATH","180C","MATH-180C","Introduction to Stochastic Processes II","Markov chains in discrete and continuous time, random walk, recurrent events. If time permits, topics chosen from stationary normal processes, branching processes, queuing theory.","MATH 180B"
"MATH","181A","MATH-181A","Introduction to Mathematical Statistics I","Multivariate distribution, functions of random variables, distributions related to normal. Parameter estimation, method of moments, maximum likelihood. Estimator accuracy and confidence intervals. Hypothesis testing, type I and type II errors, power, one-sample t-test. Prior or concurrent enrollment in MATH 109 is highly recommended.","MATH 180A, (MATH 18 or MATH 20F or MATH 31AH), MATH 20C"
"MATH","181B","MATH-181B","Introduction to Mathematical Statistics II","Hypothesis testing. Linear models, regression, and analysis of variance. Goodness of fit tests. Nonparametric statistics. Two units of credit offered for MATH 181B if ECON 120B previously; no credit offered if ECON 120B concurrently. Prior enrollment in MATH 109 is highly recommended.","MATH 181A"
"MATH","181C","MATH-181C","Mathematical Statistics—Nonparametric Statistics","Topics covered may include the following: classical rank test, rank correlations, permutation tests, distribution free testing, efficiency, confidence intervals, nonparametric regression and density estimation, resampling techniques (bootstrap, jackknife, etc.) and cross validations. Prior enrollment in MATH 109 is highly recommended.","MATH 181B"
"MATH","181D","MATH-181D","Statistical Learning","Statistical learning refers to a set of tools for modeling and understanding complex data sets. It uses developments in optimization, computer science, and in particular machine learning. This encompasses many methods such as dimensionality reduction, sparse representations, variable selection, classification, boosting, bagging, support vector machines, and machine learning.","ECE 109 or ECON 120A or MAE 108 or MATH 181A or MATH 183 or MATH 186 or MATH 189"
"MATH","181E","MATH-181E","Mathematical Statistics—Time Series","Analysis of trends and seasonal effects, autoregressive and moving averages models, forecasting, informal introduction to spectral analysis.","MATH 181B"
"MATH","181F","MATH-181F","Sampling Surveys and Experimental Design","Design of sampling surveys: simple, stratified, systematic, cluster, network surveys. Sources of bias in surveys. Estimators and confidence intervals based on unequal probability sampling. Design and analysis of experiments: block, factorial, crossover, matched-pairs designs. Analysis of variance, re-randomization, and multiple comparisons.","ECE 109 or ECON 120A or MAE 108 or MATH 11 or MATH 181A or MATH 183 or MATH 186 or MATH 189"
"MATH","182","MATH-182","Hidden Data in Random Matrices","Rigorous treatment of principal component analysis, one of the most effective methods in finding signals amidst the noise of large data arrays. Topics include singular value decomposition for matrices, maximal likelihood estimation, least squares methods, unbiased estimators, random matrices, Wigner’s semicircle law, Markchenko-Pastur laws, universality of eigenvalue statistics, outliers, the BBP transition, applications to community detection, and stochastic block model. Students will not receive credit for both MATH 182 and DSC 155. Completion of MATH 102 is encouraged but not required.","MATH 180A, (MATH 18 or MATH 31AH)"
"MATH","183","MATH-183","Statistical Methods","Introduction to probability. Discrete and continuous random variables–binomial, Poisson and Gaussian distributions. Central limit theorem. Data analysis and inferential statistics: graphical techniques, confidence intervals, hypothesis tests, curve fitting. (Credit not offered for MATH 183 if ECON 120A, ECE 109, MAE 108, MATH 181A, or MATH 186 previously or concurrently taken. Two units of credit offered for MATH 183 if MATH 180A taken previously or concurrently.)","MATH 20C or MATH 31BH"
"MATH","184","MATH-184","Enumerative Combinatorics","Introduction to the theory and applications of combinatorics. Enumeration of combinatorial structures (permutations, integer partitions, set partitions). Bijections, inclusion-exclusion, ordinary and exponential generating functions. Renumbered from MATH 184A; credit not offered for MATH 184 if MATH 184A if previously taken. Credit not offered for MATH 184 if MATH 188 previously taken. If MATH 184 and MATH 188 are concurrently taken, credit only offered for MATH 188.","MATH 31CH or MATH 109"
"MATH","185","MATH-185","Introduction to Computational Statistics","Statistical analysis of data by means of package programs. Regression, analysis of variance, discriminant analysis, principal components, Monte Carlo simulation, and graphical methods. Emphasis will be on understanding the connections between statistical theory, numerical results, and analysis of real data. Recommended preparation: exposure to computer programming (such as CSE 5A, CSE 7, or ECE 15) highly recommended.","(MATH 181A or ECON 120B), (MATH 18 or MATH 20F or MATH 31AH), (MATH 20C or MATH 31BH)"
"MATH","186","MATH-186","Probability and Statistics for Bioinformatics","This course will cover discrete and random variables, data analysis and inferential statistics, likelihood estimators and scoring matrices with applications to biological problems. Introduction to Binomial, Poisson, and Gaussian distributions, central limit theorem, applications to sequence and functional analysis of genomes and genetic epidemiology. (Credit not offered for MATH 186 if ECON 120A, ECE 109, MAE 108, MATH 181A, or MATH 183 previously or concurrently. Two units of credit offered for MATH 186 if MATH 180A taken previously or concurrently.)","MATH 20C or MATH 31BH"
"MATH","187A","MATH-187A","Introduction to Cryptography","An introduction to the basic concepts and techniques of modern cryptography. Classical cryptanalysis. Probabilistic models of plaintext. Monoalphabetic and polyalphabetic substitution. The one-time system. Caesar-Vigenere-Playfair-Hill substitutions. The Enigma. Modern-day developments. The Data Encryption Standard. Public key systems. Security aspects of computer networks. Data protection. Electronic mail. Recommended preparation: basic programming experience. Renumbered from MATH 187. Students may not receive credit for both MATH 187A and MATH 187.","MATH 10A or MATH 20A"
"MATH","187B","MATH-187B","Mathematics of Modern Cryptography","The object of this course is to study modern public key cryptographic systems and cryptanalysis (e.g., RSA, Diffie-Hellman, elliptic curve cryptography, lattice-based cryptography, homomorphic encryption) and the mathematics behind them. We also explore other applications of these computational techniques (e.g., integer factorization and attacks on RSA). Recommended preparation: Familiarity with Python and/or mathematical software (especially SAGE) would be helpful, but it is not required.","MATH 187A, (MATH 18 or MATH 31AH)"
"MATH","188","MATH-188","Algebraic Combinatorics","A rigorous introduction to algebraic combinatorics. Basic enumeration and generating functions. Enumeration involving group actions: Polya theory. Posets and Sperner property. q-analogs and unimodality. Partitions and tableaux. Credit not offered for MATH 188 if MATH 184 or MATH 184A previously taken. If MATH 184 and MATH 188 are concurrently taken, credit only offered for MATH 188.","(MATH 31CH or MATH 109), (MATH 18 or MATH 31AH), (MATH 100A or MATH 103A)"
"MATH","189","MATH-189","Exploratory Data Analysis and Inference","An introduction to various quantitative methods and statistical techniques for analyzing data—in particular big data. Quick review of probability continuing to topics of how to process, analyze, and visualize data using statistical language R. Further topics include basic inference, sampling, hypothesis testing, bootstrap methods, and regression and diagnostics. Offers conceptual explanation of techniques, along with opportunities to examine, implement, and practice them in real and simulated data.","(MATH 18 or MATH 20F or MATH 31AH), MATH 20C, (BENG 134 or CSE 103 or ECE 109 or ECON 120A or MAE 108 or MATH 180A or MATH 183 or MATH 186 or SE 125)"
"MATH","190A","MATH-190A","Foundations of Topology I","An introduction to point set topology: topological spaces, subspace topologies, product topologies, quotient topologies, continuous maps and homeomorphisms, metric spaces, connectedness, compactness, basic separation, and countability axioms. Examples. Instructor may choose further topics such as Urysohn’s lemma, Urysohn’s metrization theorem. Formerly MATH 190. Students may not receive credit for MATH 190A and MATH 190.","MATH 31CH or MATH 140A or MATH 142A"
"MATH","190B","MATH-190B","Foundations of Topology II","An introduction to the fundamental group: homotopy and path homotopy, homotopy equivalence, basic calculations of fundamental groups, fundamental group of the circle and applications (for instance to retractions and fixed-point theorems), van Kampen’s theorem, covering spaces, universal covers. Examples of all of the above. Instructor may choose further topics such as deck transformations and the Galois correspondence, basic homology, compact surfaces.","MATH 190A"
"MATH","191","MATH-191","Topics in Topology","Topics to be chosen by the instructor from the fields of differential algebraic, geometric, and general topology.","MATH 190A"
"MATH","193A","MATH-193A","Actuarial Mathematics I","Probabilistic Foundations of Insurance. Short-term risk models. Survival distributions and life tables. Introduction to life insurance.","MATH 180A or MATH 183"
"MATH","193B","MATH-193B","Actuarial Mathematics II","Life Insurance and Annuities. Analysis of premiums and premium reserves. Introduction to multiple life functions and decrement models as time permits.","MATH 193A"
"MATH","194","MATH-194","The Mathematics of Finance","Introduction to the mathematics of financial models. Basic probabilistic models and associated mathematical machinery will be discussed, with emphasis on discrete time models. Concepts covered will include conditional expectation, martingales, optimal stopping, arbitrage pricing, hedging, European and American options.","MATH 20D, (MATH 18 or MATH 20F or MATH 31AH), MATH 180A"
"MATH","196","MATH-196","Student Colloquium","A variety of topics and current research results in mathematics will be presented by guest lecturers and students under faculty direction. May be taken for P/NP grade only.","none"
"MATH","197","MATH-197","Extracurricular Industry Practicum","An enrichment program which provides academic credit for work experience with public/private sector employers. After independently securing an internship with significant mathematical content, students will identify a faculty member to work with directly, discussing the mathematics involved. Faculty may require related readings and assignments as appropriate. May be taken for credit three times. Units may not be applied towards major graduation requirements.","none"
"MATH","199","MATH-199","Independent Study for Undergraduates","Independent reading in advanced mathematics by individual students. Three periods. (P/NP grades only.)","none"
"MATH","199H","MATH-199H","Honors Thesis Research for Undergraduates","Honors thesis research for seniors participating in the Honors Program. Research is conducted under the supervision of a mathematics faculty member.","none"